name,datetime,tempmax,tempmin,temp,feelslikemax,feelslikemin,feelslike,dew,humidity,precip,precipprob,precipcover,preciptype,snow,snowdepth,windgust,windspeed,winddir,sealevelpressure,cloudcover,visibility,solarradiation,solarenergy,uvindex,severerisk,sunrise,sunset,moonphase,conditions,description,icon,stations
manama,2022-01-01,20,18.2,19.4,20,18.2,19.4,16.4,82.8,15.9,100,79.17,rain,,,,27.5,55,1017.6,58.9,10.2,127.7,11.2,6,,2022-01-01T06:25:24,2022-01-01T16:57:07,0.95,"Rain, Partially cloudy",Partly cloudy throughout the day with a chance of rain throughout the day.,rain,"OEDR,41150099999,40416099999,OBBI"
manama,2022-01-02,24,18,20.6,24,18,20.6,18,85.5,3.1,100,54.17,rain,,,,34.7,106.2,1010.2,62.8,9.9,103.9,9,4,,2022-01-02T06:25:40,2022-01-02T16:57:48,0,"Rain, Partially cloudy",Partly cloudy throughout the day with rain.,rain,"OEDR,41150099999,40416099999,OBBI"
manama,2022-01-03,20,16.9,18.2,20,16.9,18.2,13.9,76.5,0,0,0,,,,,24.2,298.7,1013.1,50.4,7.4,175.2,15.2,7,,2022-01-03T06:25:55,2022-01-03T16:58:29,0.02,Partially cloudy,Partly cloudy throughout the day.,partly-cloudy-day,"OEDR,41150099999,40416099999,OBBI"
manama,2022-01-04,18.8,15.8,16.9,18.8,15.8,16.9,9.4,61.6,0,0,0,,,,,35,304.2,1018.1,11.9,10.3,183.5,15.9,7,,2022-01-04T06:26:08,2022-01-04T16:59:11,0.05,Clear,Clear conditions throughout the day.,clear-day,"OEDR,41150099999,40416099999,OBBI"
manama,2022-01-05,17,13.6,15.3,17,13.6,15.3,4.7,49.4,0,0,0,,,,,33.3,301.1,1019.3,9.5,11.5,190.6,16.5,7,,2022-01-05T06:26:20,2022-01-05T16:59:53,0.09,Clear,Clear conditions throughout the day.,clear-day,"OEDR,41150099999,40416099999,OBBI"
manama,2022-01-06,18,14.8,16.1,18,14.8,16.1,10.3,68.5,0,0,0,,,,,38.3,300.4,1019.5,14.2,10.8,183.1,15.8,7,,2022-01-06T06:26:31,2022-01-06T17:00:36,0.12,Clear,Clear conditions throughout the day.,clear-day,"OEDR,41150099999,40416099999,OBBI"
manama,2022-01-07,19,13.9,16.6,19,13.9,16.6,11.6,72.4,0,0,0,,,,,20.4,300.8,1020,6.5,9.3,182.2,15.7,7,,2022-01-07T06:26:40,2022-01-07T17:01:20,0.15,Clear,Clear conditions throughout the day.,clear-day,"OEDR,41150099999,40416099999,OBBI"
manama,2022-01-08,19,15.7,17.2,19,15.7,17.2,11.5,69.7,0,0,0,,,,,22.1,304.7,1019.8,3.1,8.3,184.4,15.8,7,,2022-01-08T06:26:47,2022-01-08T17:02:04,0.18,Clear,Clear conditions throughout the day.,clear-day,"OEDR,41150099999,40416099999,OBBI"
manama,2022-01-09,20,14.8,17.2,20,14.8,17.2,9.7,62.7,0,0,0,,,,,18.1,289.9,1019.3,10,9.8,194.4,16.8,7,,2022-01-09T06:26:53,2022-01-09T17:02:49,0.25,Clear,Clear conditions throughout the day.,clear-day,"OEDR,41150099999,40416099999,OBBI"
manama,2022-01-10,21,13.8,17.5,21,13.8,17.5,10.6,65.7,0,0,0,,,,9.4,11.2,147.9,1018.4,5.9,6.5,216.3,18.6,7,10,2022-01-10T06:26:58,2022-01-10T17:03:34,0.25,Clear,Clear conditions throughout the day.,clear-day,"OEDR,41150099999,40416099999,OBBI"
manama,2022-01-11,22,16.8,18.9,22,16.8,18.9,11.7,65.7,0,0,0,,,,17.3,14.7,135.7,1019.5,47.4,9.6,148.8,13.1,5,10,2022-01-11T06:27:01,2022-01-11T17:04:19,0.28,Partially cloudy,Partly cloudy throughout the day.,partly-cloudy-day,"OEDR,41150099999,40416099999,OBBI"
manama,2022-01-12,23.7,15.1,19.5,23.7,15.1,19.5,14.2,72.5,0,0,0,,,,13.3,13,120.1,1018.5,0.4,7.7,174.9,15,6,10,2022-01-12T06:27:02,2022-01-12T17:05:05,0.32,Clear,Clear conditions throughout the day.,clear-day,"OEDR,41150099999,40416099999,OBBI"
manama,2022-01-13,25.7,15.8,20.1,25.7,15.8,20.1,12.9,65.2,0,0,0,,,,27.4,18.2,135.4,1016.7,1.5,9.1,178.9,15.5,6,10,2022-01-13T06:27:02,2022-01-13T17:05:51,0.35,Clear,Clear conditions throughout the day.,clear-day,"OEDR,41150099999,40416099999,OBBI"
manama,2022-01-14,23.9,18.9,20.9,23.9,18.9,20.9,15.3,71.2,0,0,0,,,,45.4,27.5,125.2,1013.5,38.8,9.7,136.3,11.8,5,10,2022-01-14T06:27:00,2022-01-14T17:06:37,0.38,Partially cloudy,Partly cloudy throughout the day.,partly-cloudy-day,"OEDR,41150099999,40416099999,OBBI"
manama,2022-01-15,21,17.9,19.8,21,17.9,19.8,15.2,75.5,2.5,100,37.5,rain,0,,55.4,27.5,140.3,1010.7,56.6,9.4,137.4,11.8,5,10,2022-01-15T06:26:57,2022-01-15T17:07:23,0.41,"Rain, Partially cloudy",Partly cloudy throughout the day with a chance of rain throughout the day.,rain,"OEDR,41150099999,40416099999,OBBI"
manama,2022-01-16,21.1,18,19.6,21.1,18,19.6,16,80,0.2,100,8.33,rain,0,,23.8,25.5,348.3,1011,56.3,8.9,164.8,14.3,6,10,2022-01-16T06:26:53,2022-01-16T17:08:10,0.45,"Rain, Partially cloudy",Partly cloudy throughout the day with rain.,rain,"OEDR,41150099999,40416099999,OBBI"
manama,2022-01-17,23,16.9,20.3,23,16.9,20.3,16.1,77.2,0.2,100,4.17,rain,0,,26.3,14.6,18.2,1014.5,40.8,10.4,174.8,15,6,10,2022-01-17T06:26:47,2022-01-17T17:08:57,0.48,"Rain, Partially cloudy",Partly cloudy throughout the day with late afternoon rain.,rain,"OEDR,41150099999,40416099999,OBBI"
manama,2022-01-18,20.9,17.7,18.9,20.9,17.7,18.9,13.9,72.6,2,100,45.83,rain,0,,53.6,35.3,345.3,1017.9,92.5,10.6,38.7,3.2,2,10,2022-01-18T06:26:39,2022-01-18T17:09:44,0.5,"Rain, Overcast",Cloudy skies throughout the day with a chance of rain throughout the day.,rain,"OEDR,41150099999,40416099999,OBBI"
manama,2022-01-19,19,16.5,17.6,19,16.5,17.6,10.7,64.1,0,0,0,,0,,36.7,33,332.4,1019.6,46.4,11.3,144,12.5,5,10,2022-01-19T06:26:30,2022-01-19T17:10:31,0.55,Partially cloudy,Partly cloudy throughout the day.,partly-cloudy-day,"OEDR,41150099999,40416099999,OBBI"
manama,2022-01-20,19,15.1,17.1,19,15.1,17.1,10.6,66.1,0,0,0,,0,,49,38.6,314.9,1019.2,38.4,10.8,111.4,9.7,4,10,2022-01-20T06:26:19,2022-01-20T17:11:18,0.58,Partially cloudy,Clearing in the afternoon.,partly-cloudy-day,"OEDR,41150099999,40416099999,OBBI"
manama,2022-01-21,16.1,11.7,13.1,16.1,11.7,13.1,3.4,52.3,0,0,0,,0,,56.2,51.3,312.3,1024.3,53,7.1,188.2,16.3,6,10,2022-01-21T06:26:07,2022-01-21T17:12:05,0.62,Partially cloudy,Partly cloudy throughout the day.,wind,"OEDR,41150099999,40416099999,OBBI"
manama,2022-01-22,15.1,10.8,13,15.1,10.8,13,5.9,62.2,0,0,0,,0,,48.2,38.6,303.8,1022.1,31.9,11.2,191.9,16.6,6,10,2022-01-22T06:25:54,2022-01-22T17:12:52,0.65,Partially cloudy,Partly cloudy throughout the day.,partly-cloudy-day,"OEDR,41150099999,40416099999,WLPI,OBBI"
manama,2022-01-23,17,11.7,14.3,17,11.7,14.3,6.7,61.1,0,0,0,,0,,30.6,23.9,301.5,1019.8,0.5,11,190.4,16.4,6,10,2022-01-23T06:25:39,2022-01-23T17:13:39,0.69,Clear,Clear conditions throughout the day.,clear-day,"OEDR,41150099999,40416099999,OBBI"
manama,2022-01-24,21,12.6,16.6,21,12.6,16.6,9,63.2,0,0,0,,0,,10.1,14.5,133.7,1018.3,0.5,10.9,193.4,16.8,6,10,2022-01-24T06:25:22,2022-01-24T17:14:25,0.72,Clear,Clear conditions throughout the day.,clear-day,"OEDR,41150099999,40416099999,OBBI"
manama,2022-01-25,20.1,14,17.5,20.1,14,17.5,10.3,63.9,0,0,0,,0,,22.7,13.1,309.7,1017.5,0,10.6,192.1,16.6,6,10,2022-01-25T06:25:04,2022-01-25T17:15:12,0.75,Clear,Clear conditions throughout the day.,clear-day,"OEDR,41150099999,40416099999,OBBI"
manama,2022-01-26,23.8,14.9,19.1,23.8,14.9,19.1,13.5,72.8,0,0,0,,0,,35.3,16.3,111,1016.3,0.2,9.9,169.1,14.5,6,10,2022-01-26T06:24:44,2022-01-26T17:15:59,0.79,Clear,Clear conditions throughout the day.,clear-day,"OEDR,41150099999,40416099999,OBBI"
manama,2022-01-27,24.7,18.7,20.3,24.7,18.7,20.3,11.4,57.8,0,0,0,,0,,51.1,31.7,243.5,1015.2,0.2,9.6,193.8,16.8,6,10,2022-01-27T06:24:23,2022-01-27T17:16:45,0.83,Clear,Clear conditions throughout the day.,clear-day,"OEDR,41150099999,40416099999,OBBI"
manama,2022-01-28,18.8,15.9,17.2,18.8,15.9,17.2,7.9,54.2,0,0,0,,0,,49.7,37,330.1,1020.4,2.8,4.6,184.9,16.2,6,10,2022-01-28T06:24:01,2022-01-28T17:17:31,0.86,Clear,Clear conditions throughout the day.,clear-day,"OEDR,41150099999,40416099999,OBBI"
manama,2022-01-29,18.1,15.1,16.7,18.1,15.1,16.7,8.4,58,0,0,0,,0,,44.6,31.6,327.7,1020.7,16.8,6.8,173.6,15,6,10,2022-01-29T06:23:37,2022-01-29T17:18:17,0.9,Clear,Clear conditions throughout the day.,clear-day,"OEDR,41150099999,40416099999,OBBI"
manama,2022-01-30,19,14.9,17,19,14.9,17,10.2,64.9,0,0,0,,0,,32.4,25.5,316.9,1018.7,8.5,11,192.7,16.6,6,10,2022-01-30T06:23:12,2022-01-30T17:19:03,0.93,Clear,Clear conditions throughout the day.,clear-day,"OEDR,41150099999,40416099999,OBBI"
manama,2022-01-31,20.1,15.6,18,20.1,15.6,18,12.2,69.4,0,0,0,,0,,24.5,16.5,330.7,1015.8,2.6,10.6,191.9,16.6,6,10,2022-01-31T06:22:45,2022-01-31T17:19:49,0.97,Clear,Clear conditions throughout the day.,clear-day,"OEDR,41150099999,40416099999,OBBI"
manama,2022-02-01,23.1,17.9,19.5,23.1,17.9,19.5,12.1,63.5,0,0,0,,0,,54.4,40.6,300.1,1015.2,29.3,9.2,155.5,13.6,6,10,2022-02-01T06:22:17,2022-02-01T17:20:34,0,Partially cloudy,Partly cloudy throughout the day.,partly-cloudy-day,"OEDR,41150099999,40416099999,OBBI"
manama,2022-02-02,19,15.9,17.4,19,15.9,17.4,12,70.5,0,0,0,,0,,42.1,36.8,318.5,1020.7,35.2,8.4,206,17.8,7,10,2022-02-02T06:21:48,2022-02-02T17:21:19,0.04,Partially cloudy,Clearing in the afternoon.,partly-cloudy-day,"OEDR,41150099999,40416099999,OBBI"
manama,2022-02-03,20.1,14.6,17.6,20.1,14.6,17.6,12.6,72.6,0,0,0,,0,,29.5,20.3,327.6,1019.3,0,10.7,206,17.7,7,10,2022-02-03T06:21:17,2022-02-03T17:22:04,0.07,Clear,Clear conditions throughout the day.,clear-day,"OEDR,41150099999,40416099999,OBBI"
manama,2022-02-04,24.9,16.8,19.9,24.9,16.8,19.9,12.5,65.1,0,0,0,,0,,39.2,16.8,154,1012.5,0,10.5,204.4,17.6,7,10,2022-02-04T06:20:45,2022-02-04T17:22:48,0.1,Clear,Clear conditions throughout the day.,clear-day,"OEDR,41150099999,40416099999,OBBI"
manama,2022-02-05,21.1,17.9,19.8,21.1,17.9,19.8,12.4,63.1,0,0,0,,0,,57.6,40.7,323.3,1011.7,16.9,9.4,145.5,12.5,5,10,2022-02-05T06:20:12,2022-02-05T17:23:32,0.13,Clear,Clear conditions throughout the day.,clear-day,"OEDR,41150099999,40416099999,OBBI"
manama,2022-02-06,19.1,15.9,17.6,19.1,15.9,17.6,8.9,57.1,0,0,0,,0,,49.3,35.1,314.3,1018.6,6.5,10.8,211.1,18.2,7,10,2022-02-06T06:19:38,2022-02-06T17:24:15,0.17,Clear,Clear conditions throughout the day.,clear-day,"OEDR,41150099999,40416099999,OBBI"
manama,2022-02-07,19.8,14.9,17.3,19.8,14.9,17.3,8.3,55.9,0,0,0,,0,,47.5,40.3,314.5,1019.9,6,11,215,18.5,7,10,2022-02-07T06:19:02,2022-02-07T17:24:59,0.2,Clear,Clear conditions throughout the day.,clear-day,"OEDR,41150099999,40416099999,OBBI"
manama,2022-02-08,19.3,15.6,17.5,19.3,15.6,17.5,10.7,64.6,0,0,0,,0,,46.1,38.6,313.2,1020.3,0,11.1,216,18.6,7,10,2022-02-08T06:18:25,2022-02-08T17:25:41,0.25,Clear,Clear conditions throughout the day.,clear-day,"OEDR,41150099999,40416099999,OBBI"
manama,2022-02-09,20.1,15.8,17.9,20.1,15.8,17.9,11.6,66.7,0,0,0,,0,,39.6,27.7,320.1,1019.4,0,10.9,220,18.8,7,10,2022-02-09T06:17:47,2022-02-09T17:26:24,0.26,Clear,Clear conditions throughout the day.,clear-day,"OEDR,41150099999,40416099999,OBBI"
manama,2022-02-10,20,13.6,17.5,20,13.6,17.5,12.1,71.4,0,0,0,,0,,23.4,18.3,117.3,1017.9,0,10.9,223.8,19.1,7,10,2022-02-10T06:17:07,2022-02-10T17:27:06,0.3,Clear,Clear conditions throughout the day.,clear-day,"OEDR,41150099999,40416099999,OBBI"
manama,2022-02-11,24.9,17,19.6,24.9,17,19.6,14,72.4,0,0,0,,0,,41,20.4,134.3,1015.4,2.8,10.7,215.8,18.5,7,10,2022-02-11T06:16:27,2022-02-11T17:27:47,0.33,Clear,Clear conditions throughout the day.,clear-day,"OEDR,41150099999,40416099999,OBBI"
manama,2022-02-12,20.1,16.9,18.9,20.1,16.9,18.9,12.9,68.3,0,0,0,,0,,55.4,42.2,312.5,1015.7,26.2,10.3,190.8,16.4,6,10,2022-02-12T06:15:45,2022-02-12T17:28:29,0.36,Partially cloudy,Partly cloudy throughout the day.,partly-cloudy-day,"OEDR,41150099999,40416099999,WLPI,OBBI"
manama,2022-02-13,20,14.7,17.2,20,14.7,17.2,8.9,58.3,0,0,0,,0,,44.6,35.2,303.3,1014.9,3,10.8,220.9,19,7,10,2022-02-13T06:15:02,2022-02-13T17:29:09,0.39,Clear,Clear conditions throughout the day.,clear-day,"OEDR,41150099999,40416099999,WLPI,OBBI"
manama,2022-02-14,21.1,15.9,18.2,21.1,15.9,18.2,12.3,69.3,0,0,0,,0,,41.8,25.5,316.8,1015.7,0,10.2,223.5,19.4,7,10,2022-02-14T06:14:18,2022-02-14T17:29:50,0.42,Clear,Clear conditions throughout the day.,clear-day,"OEDR,41150099999,40416099999,WLPI,OBBI"
manama,2022-02-15,22.1,15.9,18.8,22.1,15.9,18.8,10.8,63.7,0,0,0,,0,,18.4,16.5,318.2,1017,5.9,8.8,227.9,19.8,7,10,2022-02-15T06:13:33,2022-02-15T17:30:30,0.46,Clear,Clear conditions throughout the day.,clear-day,"OEDR,41150099999,40416099999,WLPI,OBBI"
manama,2022-02-16,22.1,14,18.5,22.1,14,18.5,9.4,59,0,0,0,,0,,27,14.4,316.7,1014.7,0.3,9.9,234,20.3,7,10,2022-02-16T06:12:47,2022-02-16T17:31:09,0.5,Clear,Clear conditions throughout the day.,clear-day,"OEDR,41150099999,40416099999,WLPI,OBBI"
manama,2022-02-17,22,15.5,19,22,15.5,19,10.2,58.3,0,0,0,,0,,34.2,27.7,339.8,1013.7,10.2,10.8,229,19.9,7,10,2022-02-17T06:12:00,2022-02-17T17:31:48,0.52,Clear,Clear conditions throughout the day.,clear-day,"OEDR,41150099999,40416099999,WLPI,OBBI"
manama,2022-02-18,22,17.4,19.5,22,17.4,19.5,10.2,55.8,0,0,0,,0,,27,16.6,31.9,1013.6,6.8,11.6,228.3,19.8,7,10,2022-02-18T06:11:12,2022-02-18T17:32:27,0.56,Clear,Clear conditions throughout the day.,clear-day,"OEDR,41150099999,40416099999,WLPI,OBBI"
manama,2022-02-19,28,17.9,21.5,27,17.9,21.4,13.2,61.7,0,0,0,,0,,44.6,24.1,123.5,1013.6,11.2,11.2,229.4,19.9,7,10,2022-02-19T06:10:23,2022-02-19T17:33:05,0.6,Clear,Clear conditions throughout the day.,clear-day,"OEDR,41150099999,40416099999,OBBI"
manama,2022-02-20,26,20,22.2,26,20,22.2,13.1,57.1,0,0,0,,0,,43.2,27.7,127.3,1012.8,45.4,9.6,197.4,17.1,7,10,2022-02-20T06:09:33,2022-02-20T17:33:43,0.63,Partially cloudy,Partly cloudy throughout the day.,partly-cloudy-day,"OEDR,41150099999,40416099999,WLPI,OBBI"
manama,2022-02-21,21.1,17.9,19.8,21.1,17.9,19.8,10.5,55.6,0,0,0,,0,,54.4,40.4,318.3,1015.9,3.6,8.2,233.9,20.2,7,10,2022-02-21T06:08:42,2022-02-21T17:34:20,0.67,Clear,Clear conditions throughout the day.,clear-day,"OEDR,41150099999,40416099999,WLPI,OBBI"
manama,2022-02-22,21.3,16.9,19,21.3,16.9,19,12.5,66.4,0,0,0,,0,,40,31.8,312.3,1016,2.4,10.3,237,20.6,7,10,2022-02-22T06:07:51,2022-02-22T17:34:57,0.7,Clear,Clear conditions throughout the day.,clear-day,"OEDR,41150099999,40416099999,WLPI,OBBI"
manama,2022-02-23,23.1,16.7,19.6,23.1,16.7,19.6,13.2,67.3,0,0,0,,0,,32.4,22.3,321.4,1016.9,0,9.6,244.6,21.1,8,10,2022-02-23T06:06:58,2022-02-23T17:35:33,0.74,Clear,Clear conditions throughout the day.,clear-day,"OEDR,41150099999,40416099999,WLPI,OBBI"
manama,2022-02-24,25.1,16.8,20,25.1,16.8,20,12.9,67.5,0,0,0,,0,,9.7,12.9,342.1,1016.8,0,9,241.1,20.9,8,10,2022-02-24T06:06:05,2022-02-24T17:36:09,0.75,Clear,Clear conditions throughout the day.,clear-day,"OEDR,41150099999,40416099999,WLPI,OBBI"
manama,2022-02-25,26,17.5,20.8,26,17.5,20.8,13.4,67,0,0,0,,0,,38.5,17.9,124.2,1015.1,12.1,8.8,242.3,20.9,8,10,2022-02-25T06:05:11,2022-02-25T17:36:45,0.81,Clear,Clear conditions throughout the day.,clear-day,"OEDR,41150099999,40416099999,WLPI,OBBI"
manama,2022-02-26,26,18.6,21.8,26,18.6,21.8,15.1,66.2,0,0,0,,0,,34.6,23.9,120.1,1012.5,29,10.1,234.9,20.3,7,10,2022-02-26T06:04:16,2022-02-26T17:37:20,0.84,Partially cloudy,Clearing in the afternoon.,partly-cloudy-day,"OEDR,41150099999,40416099999,WLPI,OBBI"
manama,2022-02-27,23.1,19.1,21,23.1,19.1,21,13.6,63.4,0,0,0,,0,,53.3,38.4,332.8,1016.7,12.1,10,237.5,20.5,8,10,2022-02-27T06:03:20,2022-02-27T17:37:55,0.88,Clear,Clear conditions throughout the day.,clear-day,"OEDR,41150099999,40416099999,WLPI,OBBI"
manama,2022-02-28,22.9,17.6,20.1,22.9,17.6,20.1,11.5,58.2,0,0,0,,0,,44.3,29.1,329.4,1018.1,13.8,10.9,245.8,21.1,8,10,2022-02-28T06:02:24,2022-02-28T17:38:29,0.92,Clear,Clear conditions throughout the day.,clear-day,"OEDR,41150099999,40416099999,WLPI,OBBI"
manama,2022-03-01,24.1,17.9,20.4,24.1,17.9,20.4,10.4,53.6,0,0,0,,0,,35.3,29.5,318.9,1018.7,0,11.1,226,17.7,8,10,2022-03-01T06:01:27,2022-03-01T17:39:04,0.95,Clear,Clear conditions throughout the day.,clear-day,"OEDR,41150099999,40416099999,WLPI,OBBI"
manama,2022-03-02,24.2,17.1,20.7,24.2,17.1,20.7,11.2,56.2,0,0,0,,0,,27.4,18.9,320.7,1017.6,0.7,11.1,221.8,17.4,8,10,2022-03-02T06:00:30,2022-03-02T17:39:37,0,Clear,Clear conditions throughout the day.,clear-day,"OEDR,41150099999,40416099999,WLPI,OBBI"
manama,2022-03-03,27,17.8,22.6,26.4,17.8,22.5,11.9,51.7,0,0,0,,0,,47.9,23.9,125.1,1014.7,55.3,10.8,211.4,16.7,8,10,2022-03-03T05:59:31,2022-03-03T17:40:11,0.02,Partially cloudy,Partly cloudy throughout the day.,partly-cloudy-day,"OEDR,41150099999,40416099999,WLPI,OBBI"
manama,2022-03-04,30.8,20,23.6,28.8,20,23.4,12.4,54,0,0,0,,0,,56.9,38.7,260.5,1012.7,68.3,7.5,152.8,12.1,5,10,2022-03-04T05:58:33,2022-03-04T17:40:44,0.05,Partially cloudy,Partly cloudy throughout the day.,partly-cloudy-day,"OEDR,41150099999,40416099999,WLPI,OBBI"
manama,2022-03-05,21.1,19,20.1,21.1,19,20.1,15.4,74.8,0.1,100,4.17,rain,0,,43.9,33.1,339.6,1015.1,21.6,3.1,152.2,12.2,5,10,2022-03-05T05:57:33,2022-03-05T17:41:16,0.08,"Rain, Partially cloudy",Partly cloudy throughout the day with early morning rain.,rain,"OEDR,41150099999,40416099999,OBBI"
manama,2022-03-06,25.1,18.7,20.9,25.1,18.7,20.9,12.5,59.3,0,0,0,,0,,29.2,20.1,344,1013.6,23.1,9.7,219.8,17.3,8,10,2022-03-06T05:56:33,2022-03-06T17:41:49,0.12,Partially cloudy,Partly cloudy throughout the day.,partly-cloudy-day,"OEDR,41150099999,40416099999,WLPI,OBBI"
manama,2022-03-07,31.8,19.8,24,30,19.8,23.8,14.4,57.9,0,0,0,,0,,46.1,22.1,133.2,1008.8,30,8.3,250,20.7,8,10,2022-03-07T05:55:33,2022-03-07T17:42:21,0.15,Partially cloudy,Clearing in the afternoon.,partly-cloudy-day,"OEDR,41150099999,40416099999,WLPI,OBBI"
manama,2022-03-08,26.1,20.1,22.5,26.1,20.1,22.5,16.5,69.5,0,0,0,,0,,44.3,29.3,335.2,1009.1,15.5,6.4,240.5,20.8,8,10,2022-03-08T05:54:32,2022-03-08T17:42:52,0.18,Clear,Clear conditions throughout the day.,clear-day,"OEDR,41150099999,40416099999,WLPI,OBBI"
manama,2022-03-09,29.8,19.1,23.1,29.2,19.1,23.1,16.1,66.3,0,0,0,,0,,33.5,21.8,16.4,1010.7,13.7,7.6,249.2,21.5,8,10,2022-03-09T05:53:31,2022-03-09T17:43:24,0.21,Clear,Clear conditions throughout the day.,clear-day,"OEDR,41150099999,40416099999,WLPI,OBBI"
manama,2022-03-10,29.9,20.7,24.5,30.7,20.7,24.7,18.6,71,0,0,0,,0,,51.8,31.2,111.6,1008.9,28.5,9.5,250.1,21.6,8,10,2022-03-10T05:52:29,2022-03-10T17:43:55,0.25,Partially cloudy,Becoming cloudy in the afternoon.,partly-cloudy-day,"OEDR,41150099999,40416099999,WLPI,OBBI"
manama,2022-03-11,38.1,22.8,28.8,36.1,22.8,28.2,13.2,41.7,0,0,0,,0,,70.6,29.7,167.1,1008,23.7,8.1,239.4,20.9,8,10,2022-03-11T05:51:27,2022-03-11T17:44:26,0.28,Partially cloudy,Partly cloudy throughout the day.,partly-cloudy-day,"OEDR,41150099999,40416099999,WLPI,OBBI"
manama,2022-03-12,26.9,19.6,22.8,27.1,19.6,22.8,14.5,60.4,0,0,0,,0,,65.2,32.1,343.9,1011.8,10.9,9.4,252.1,21.9,8,10,2022-03-12T05:50:24,2022-03-12T17:44:57,0.31,Clear,Clear conditions throughout the day.,clear-day,"OEDR,41150099999,40416099999,WLPI,OBBI"
manama,2022-03-13,26.9,19,22.3,27.4,19,22.3,15.7,67.3,0,0,0,,0,,36,22.4,338.9,1012.8,6.2,6.7,258.1,22.4,8,10,2022-03-13T05:49:21,2022-03-13T17:45:27,0.34,Clear,Clear conditions throughout the day.,clear-day,"OEDR,41150099999,40416099999,WLPI,OBBI"
manama,2022-03-14,29,18.9,22.6,29,18.9,22.7,17.1,72.7,0,0,0,,0,,27,18.1,346.5,1012.9,7.5,8,258.4,22.4,8,10,2022-03-14T05:48:18,2022-03-14T17:45:57,0.37,Clear,Clear conditions throughout the day.,clear-day,"OEDR,41150099999,40416099999,WLPI,OBBI"
manama,2022-03-15,30,19,23.6,30,19,23.6,18.7,75.8,0,0,0,,0,,34.2,18.9,86.3,1010,15.9,8.3,264.8,22.9,8,10,2022-03-15T05:47:15,2022-03-15T17:46:27,0.41,Clear,Clear conditions throughout the day.,clear-day,"OEDR,41150099999,40416099999,WLPI,OBBI"
manama,2022-03-16,23.7,18.3,20.9,23.7,18.3,20.9,12.2,58.1,0,0,0,,0,,66.6,51.7,335,1011.5,3.7,9.4,262.9,22.7,8,10,2022-03-16T05:46:11,2022-03-16T17:46:57,0.44,Clear,Clear conditions throughout the day.,wind,"OEDR,41150099999,40416099999,WLPI,OBBI"
manama,2022-03-17,18.9,15.8,17.1,18.9,15.8,17.1,5.8,47.5,0,0,0,,0,,70.6,54.8,327.7,1018,21.2,10.1,273.3,23.5,8,10,2022-03-17T05:45:07,2022-03-17T17:47:26,0.47,Partially cloudy,Partly cloudy throughout the day.,wind,"OEDR,41150099999,40416099999,WLPI,OBBI"
manama,2022-03-18,20.1,15.5,17.6,20.1,15.5,17.6,6.4,48.1,0,0,0,,0,,52.6,41.9,323.7,1018.2,0,11.4,279.7,24,9,10,2022-03-18T05:44:03,2022-03-18T17:47:56,0.5,Clear,Clear conditions throughout the day.,clear-day,"OEDR,41150099999,40416099999,WLPI,OBBI"
manama,2022-03-19,21.1,15.5,18.3,21.1,15.5,18.3,10,58.6,0,0,0,,0,,41.4,36.8,312.9,1016.3,0,11.1,279.4,24,9,10,2022-03-19T05:42:59,2022-03-19T17:48:25,0.54,Clear,Clear conditions throughout the day.,clear-day,"OEDR,41150099999,40416099999,WLPI,OBBI"
manama,2022-03-20,25.2,16.4,21.2,25.2,16.4,21.2,8.8,47.2,0,0,0,,0,,35.3,33.2,312.6,1012.6,0.8,11.5,280.6,24.1,9,10,2022-03-20T05:41:54,2022-03-20T17:48:54,0.57,Clear,Clear conditions throughout the day.,clear-day,"OEDR,41150099999,40416099999,WLPI,OBBI"
manama,2022-03-21,27,19.9,22.9,26.3,19.9,22.8,10.1,46.1,0,0,0,,0,,29.9,23.8,306.5,1010.5,11.9,11.2,228.7,19.8,8,10,2022-03-21T05:40:50,2022-03-21T17:49:23,0.61,Clear,Clear conditions throughout the day.,clear-day,"OEDR,41150099999,40416099999,OBBI"
manama,2022-03-22,29.1,20.7,24.6,27.4,20.7,24.2,9.7,43.4,0,0,0,,0,,34.6,13,82.9,1009.6,0,10.3,268.8,23.2,9,10,2022-03-22T05:39:45,2022-03-22T17:49:52,0.65,Clear,Clear conditions throughout the day.,clear-day,"OEDR,41150099999,40416099999,OBBI"
manama,2022-03-23,29.1,21.6,26.3,28.4,21.6,25.8,10.2,38.4,0,0,0,,0,,40,18.2,117.6,1010,1.9,10.1,277,23.8,9,10,2022-03-23T05:38:41,2022-03-23T17:50:21,0.68,Clear,Clear conditions throughout the day.,clear-day,"OEDR,41150099999,40416099999,OBBI"
manama,2022-03-24,34,22.7,27.9,31.9,22.7,27.4,10.6,35,0,0,0,,0,,52.6,18.1,137.8,1007.9,14.7,10.3,274.3,23.7,9,10,2022-03-24T05:37:36,2022-03-24T17:50:49,0.72,Clear,Clear conditions throughout the day.,clear-day,"OEDR,41150099999,40416099999,OBBI"
manama,2022-03-25,24.1,20,22,24.1,20,22,12.8,56.1,0,0,0,,0,,65.5,38.7,333.8,1010.7,6.5,10.1,278.1,23.8,9,10,2022-03-25T05:36:31,2022-03-25T17:51:18,0.75,Clear,Clear conditions throughout the day.,clear-day,"OEDR,41150099999,40416099999,OBBI"
manama,2022-03-26,24.1,20,21.8,24.1,20,21.8,10.3,48,0,0,0,,0,,61.6,42.4,332.2,1016.3,0,11,283.2,24.5,9,10,2022-03-26T05:35:27,2022-03-26T17:51:46,0.79,Clear,Clear conditions throughout the day.,clear-day,"OEDR,41150099999,40416099999,OBBI"
manama,2022-03-27,22,19,20.2,22,19,20.2,8.2,46.1,0,0,0,,0,,53.6,42.5,331.4,1019.6,0,11,283.8,24.6,9,10,2022-03-27T05:34:22,2022-03-27T17:52:15,0.82,Clear,Clear conditions throughout the day.,clear-day,"OEDR,41150099999,40416099999,OBBI"
manama,2022-03-28,23,18.9,20.8,23,18.9,20.8,7,41.9,0,0,0,,0,,58.7,48,329.1,1019.9,0,11.1,290.1,25.2,10,10,2022-03-28T05:33:17,2022-03-28T17:52:43,0.86,Clear,Clear conditions throughout the day.,clear-day,"OEDR,41150099999,40416099999,OBBI"
manama,2022-03-29,22,18.9,20,22,18.9,20,10.7,55.3,0,0,0,,0,,53.6,46,319.7,1017.9,0.2,11,289.3,25,10,10,2022-03-29T05:32:13,2022-03-29T17:53:11,0.9,Clear,Clear conditions throughout the day.,clear-day,"OEDR,41150099999,40416099999,OBBI"
manama,2022-03-30,24.1,18.8,21.3,24.1,18.8,21.3,11.7,54.6,0,0,0,,0,,47.2,33.3,316.6,1015.3,28,10.9,290.1,25,10,10,2022-03-30T05:31:09,2022-03-30T17:53:40,0.93,Partially cloudy,Becoming cloudy in the afternoon.,partly-cloudy-day,"OEDR,41150099999,40416099999,OBBI"
manama,2022-03-31,27.2,17.9,22.5,26.3,17.9,22.4,9.2,46.9,0,0,0,,0,,21.6,22,321.2,1013.9,33.5,11.2,289.7,25,10,10,2022-03-31T05:30:05,2022-03-31T17:54:08,0.97,Partially cloudy,Clearing in the afternoon.,partly-cloudy-day,"OEDR,41150099999,40416099999,OBBI"
manama,2022-04-01,31.2,20.7,25.6,29.1,20.7,24.9,7.5,35.7,0,0,0,,0,,27.7,25.5,323.1,1013.3,0,10.8,293.6,25.5,10,10,2022-04-01T05:29:01,2022-04-01T17:54:36,0,Clear,Clear conditions throughout the day.,clear-day,"OEDR,41150099999,40416099999,OBBI"
manama,2022-04-02,31.1,21.1,25.6,29.4,21.1,25.2,11.5,43.5,0,0,0,,0,,34.9,25.9,314.4,1012.3,7,10.8,298.8,25.7,10,10,2022-04-02T05:27:57,2022-04-02T17:55:05,0.04,Clear,Clear conditions throughout the day.,clear-day,"OEDR,41150099999,40416099999,OBBI"
manama,2022-04-03,29.3,23,25.9,28,23,25.5,9.3,36.5,0,0,0,,0,,34.2,25.9,311.6,1010.4,41.4,10.6,269.6,23.3,9,10,2022-04-03T05:26:53,2022-04-03T17:55:33,0.07,Partially cloudy,Partly cloudy throughout the day.,partly-cloudy-day,"OEDR,41150099999,40416099999,OBBI"
manama,2022-04-04,31.2,21.9,26.1,29.1,21.9,25.5,9,37,0,0,0,,0,,19.4,22.1,334.3,1009.7,28.7,10.7,301,26,10,10,2022-04-04T05:25:50,2022-04-04T17:56:01,0.1,Partially cloudy,Partly cloudy throughout the day.,partly-cloudy-day,"OEDR,41150099999,40416099999,OBBI"
manama,2022-04-05,31.1,21,26.6,29.3,21,25.9,10.5,39.3,0,0,0,,0,,20.2,22.3,328.7,1011.5,3.2,10.7,294.8,25.4,9,10,2022-04-05T05:24:47,2022-04-05T17:56:30,0.13,Clear,Clear conditions throughout the day.,clear-day,"OEDR,41150099999,40416099999,OBBI"
manama,2022-04-06,30.2,22.6,27,29.2,22.6,26.5,11.5,39.5,0,0,0,,0,,16.2,22.3,320.1,1012.5,3,10.5,298.3,25.8,10,10,2022-04-06T05:23:44,2022-04-06T17:56:58,0.16,Clear,Clear conditions throughout the day.,clear-day,"OEDR,41150099999,40416099999,OBBI"
manama,2022-04-07,36,23.9,28.7,33.4,23.9,28.3,13,41.6,0,0,0,,0,,40.3,16.6,143.6,1011.2,12.6,10.7,301.5,26,10,10,2022-04-07T05:22:42,2022-04-07T17:57:27,0.2,Clear,Clear conditions throughout the day.,clear-day,"OEDR,41150099999,40416099999,OBBI"
manama,2022-04-08,29.4,24,26.9,29.8,24,27,15.4,50.4,0,0,0,,0,,42.1,24.4,310.5,1010.9,5.5,10.2,299.5,26,10,10,2022-04-08T05:21:40,2022-04-08T17:57:56,0.23,Clear,Clear conditions throughout the day.,clear-day,"OEDR,41150099999,40416099999,OBBI"
manama,2022-04-09,31.8,22.7,27,29.6,22.7,26.4,12.4,44.1,0,0,0,,0,,31.7,20.4,102,1008.6,38.3,9.1,268.5,23.1,10,10,2022-04-09T05:20:39,2022-04-09T17:58:24,0.25,Partially cloudy,Partly cloudy throughout the day.,partly-cloudy-day,"OEDR,41150099999,40416099999,OBBI"
manama,2022-04-10,28.1,23,25.6,29.2,23,25.8,16.9,59,0,0,0,,0,,43.6,31.6,334.9,1009.1,9.1,7.5,310.9,26.9,10,15,2022-04-10T05:19:37,2022-04-10T17:58:53,0.29,Clear,Clear conditions throughout the day.,clear-day,"OEDR,41150099999,40416099999,OBBI"
manama,2022-04-11,29,21.9,25.5,27.8,21.9,25.3,12.9,46.8,0,0,0,,0,,29.5,31.4,318.2,1008.8,6.9,6.1,305.4,26.3,10,10,2022-04-11T05:18:37,2022-04-11T17:59:22,0.33,Clear,Clear conditions throughout the day.,clear-day,"OEDR,41150099999,40416099999,OBBI"
manama,2022-04-12,33.2,23.9,28.2,31.1,23.9,27.6,11.7,37.5,0,0,0,,0,,32.8,18.5,103.5,1006.1,45.9,10.2,274.9,23.7,8,10,2022-04-12T05:17:36,2022-04-12T17:59:51,0.36,Partially cloudy,Partly cloudy throughout the day.,partly-cloudy-day,"OEDR,41150099999,40416099999,OBBI"
manama,2022-04-13,36,26,30.1,33.6,26,29.4,12.1,37.9,0,0,0,,0,,36.4,24.2,41.5,1005.3,50.6,9.6,271,23.4,9,15,2022-04-13T05:16:37,2022-04-13T18:00:20,0.39,Partially cloudy,Partly cloudy throughout the day.,partly-cloudy-day,"OEDR,41150099999,40416099999,OBBI"
manama,2022-04-14,33,25.1,28.8,31.8,25.1,28.9,16.5,49.2,0,0,0,,0,,44.3,33.2,355.9,1006.2,48,9.8,254.3,21.9,9,15,2022-04-14T05:15:37,2022-04-14T18:00:50,0.42,Partially cloudy,Partly cloudy throughout the day.,partly-cloudy-day,"OEDR,41150099999,40416099999,OBBI"
manama,2022-04-15,33.2,26.1,29.6,31.9,26.1,29.5,15.6,43.6,0,0,0,,0,,46.4,29.5,351.5,1007.1,47.9,10.2,199.6,17.3,9,15,2022-04-15T05:14:39,2022-04-15T18:01:19,0.45,Partially cloudy,Partly cloudy throughout the day.,partly-cloudy-day,"OEDR,41150099999,40416099999,OBBI"
manama,2022-04-16,31.1,25.2,28.4,31,25.2,28.5,16.6,50,0,0,0,,0,,35.6,24.3,336.2,1006.5,38.4,9.1,252.8,21.9,9,15,2022-04-16T05:13:41,2022-04-16T18:01:49,0.5,Partially cloudy,Partly cloudy throughout the day.,partly-cloudy-day,"OEDR,41150099999,40416099999,OBBI"
manama,2022-04-17,31.1,25.1,27.3,29.7,25.1,26.9,12.4,40.6,0,0,0,,0,,48.6,33.5,338.8,1008,14.7,11.6,305.3,26.3,10,10,2022-04-17T05:12:43,2022-04-17T18:02:18,0.52,Clear,Clear conditions throughout the day.,clear-day,"OEDR,41150099999,40416099999,OBBI"
manama,2022-04-18,29.3,23.9,26.6,27.9,23.9,26.1,9.5,35,0,0,0,,0,,44.3,34.6,313.8,1009.8,19,11.9,318.7,27.7,10,10,2022-04-18T05:11:46,2022-04-18T18:02:48,0.56,Clear,Clear conditions throughout the day.,clear-day,"OEDR,41150099999,40416099999,OBBI"
manama,2022-04-19,32,22.8,27.1,29.8,22.8,26.3,7.7,35.5,0,0,0,,0,,23,14.6,332.9,1010.5,28.2,11.5,319,27.5,10,10,2022-04-19T05:10:50,2022-04-19T18:03:18,0.59,Partially cloudy,Becoming cloudy in the afternoon.,partly-cloudy-day,"OEDR,41150099999,40416099999,OBBI"
manama,2022-04-20,30.1,21.6,26.2,28.8,21.6,26,14.4,50,0,0,0,,0,,26.6,20.4,109,1009.4,45.1,11.6,288.9,25,10,10,2022-04-20T05:09:54,2022-04-20T18:03:48,0.63,Partially cloudy,Partly cloudy throughout the day.,partly-cloudy-day,"OEDR,41150099999,40416099999,OBBI"
manama,2022-04-21,35,23.9,28.1,32.6,23.9,28.1,15.2,49.7,0,0,0,,0,,36.7,16.5,115.9,1007.1,49.4,11.8,300.1,25.9,10,10,2022-04-21T05:08:59,2022-04-21T18:04:19,0.66,Partially cloudy,Partly cloudy throughout the day.,partly-cloudy-day,"OEDR,41150099999,40416099999,OBBI"
manama,2022-04-22,29.1,24.9,27.2,29.8,24.9,27.7,16.9,53.5,0,0,0,,0,,46.4,31.3,309.8,1008.5,47.7,10.2,187.7,16.3,7,15,2022-04-22T05:08:05,2022-04-22T18:04:49,0.7,Partially cloudy,Partly cloudy throughout the day.,partly-cloudy-day,"OEDR,41150099999,40416099999,OBBI"
manama,2022-04-23,31.1,23.9,27.3,29.4,23.9,26.9,13.1,43.5,0,0,0,,0,,29.2,22.3,313.7,1008.7,44.6,10.4,267.5,23.2,9,10,2022-04-23T05:07:12,2022-04-23T18:05:20,0.75,Partially cloudy,Partly cloudy throughout the day.,partly-cloudy-day,"OEDR,41150099999,40416099999,OBBI"
manama,2022-04-24,31.1,25,28.1,29.5,25,27.7,13.8,43.4,0,0,0,,0,,21.2,27.7,10.5,1008.2,53.6,11.1,292,25.4,9,10,2022-04-24T05:06:19,2022-04-24T18:05:51,0.77,Partially cloudy,Partly cloudy throughout the day.,partly-cloudy-day,"OEDR,41150099999,40416099999,OBBI"
manama,2022-04-25,31,26,28.4,30.8,26,28.5,15.7,46.7,0,0,0,,0,,45,31.9,336.3,1008.2,36.8,6.3,249.8,21.7,9,15,2022-04-25T05:05:27,2022-04-25T18:06:21,0.81,Partially cloudy,Becoming cloudy in the afternoon.,partly-cloudy-day,"OEDR,41150099999,40416099999,OBBI"
manama,2022-04-26,31.1,26,27.4,30.4,26,27.9,17.1,54.1,0,0,0,,0,,29.2,18.3,2.5,1008.6,22.2,7.9,201.9,17.4,8,15,2022-04-26T05:04:36,2022-04-26T18:06:53,0.84,Partially cloudy,Partly cloudy throughout the day.,partly-cloudy-day,"OEDR,41150099999,40416099999,OBBI"
manama,2022-04-27,32.1,24.9,28.7,31.3,24.9,28.8,15.8,46.6,0,0,0,,0,,31.7,16.6,47.8,1008.3,6.7,8.5,306.4,26.3,10,15,2022-04-27T05:03:45,2022-04-27T18:07:24,0.88,Clear,Clear conditions throughout the day.,clear-day,"OEDR,41150099999,40416099999,OBBI"
manama,2022-04-28,32.8,25.6,28.6,31.4,25.6,28.8,16.2,48.6,0,0,0,,0,,31,24.2,5.4,1008.9,14.9,8.5,292.6,25,10,15,2022-04-28T05:02:56,2022-04-28T18:07:55,0.91,Clear,Clear conditions throughout the day.,clear-day,"OEDR,41150099999,40416099999,WLPI,OBBI"
manama,2022-04-29,28.5,23.9,26.3,28.9,23.9,26.7,18.2,61.4,0.3,100,8.33,rain,0,,55.4,49.5,328.8,1011.3,51.9,9.8,122.7,10.6,7,15,2022-04-29T05:02:07,2022-04-29T18:08:27,0.95,"Rain, Partially cloudy",Partly cloudy throughout the day with rain.,rain,"OEDR,41150099999,40416099999,WLPI,OBBI"
manama,2022-04-30,31,23.6,26.6,31,23.6,26.8,18.2,61.7,0,0,0,,0,,25.9,18.1,352.2,1010,6.3,11.4,307.5,26.6,10,5,2022-04-30T05:01:20,2022-04-30T18:08:58,0,Clear,Clear conditions throughout the day.,clear-day,"OEDR,41150099999,40416099999,WLPI,OBBI"
manama,2022-05-01,32.1,19,28.2,33.4,19,29.2,18.6,57.2,0,0,0,,0,,33.8,24.1,99,1007.7,2.1,10.4,313.7,27.2,10,5,2022-05-01T05:00:33,2022-05-01T18:09:30,0.02,Clear,Clear conditions throughout the day.,clear-day,"OEDR,41150099999,40416099999,WLPI,OBBI"
manama,2022-05-02,32.1,26.9,29.2,32.8,28.1,29.9,17.3,49.5,0,0,0,,0,,39.6,31.8,328.9,1005.9,16.5,7,316.6,27.4,10,5,2022-05-02T04:59:47,2022-05-02T18:10:02,0.05,Clear,Clear conditions throughout the day.,clear-day,"OEDR,41150099999,40416099999,OBBI"
manama,2022-05-03,32.1,26,28.7,31.1,26,29.1,16.8,49.4,0,0,0,,0,,43.9,35,323.4,1008,13.6,6.5,318.8,27.7,10,5,2022-05-03T04:59:02,2022-05-03T18:10:34,0.08,Clear,Clear conditions throughout the day.,clear-day,"OEDR,41150099999,40416099999,OBBI"
manama,2022-05-04,35.1,26.9,30.8,33.4,27.2,30.2,13.3,36.6,0,0,0,,0,,40.3,18.4,310.7,1008.2,0,11.3,318.7,27.5,10,10,2022-05-04T04:58:18,2022-05-04T18:11:06,0.11,Clear,Clear conditions throughout the day.,clear-day,"OEDR,41150099999,40416099999,WLPI,OBBI"
manama,2022-05-05,39,26.3,32.8,37.6,26.3,32.7,14.6,36.8,0,0,0,,0,,32,22.3,133,1005.1,7.6,10.5,316.8,27.3,10,15,2022-05-05T04:57:35,2022-05-05T18:11:38,0.15,Clear,Clear conditions throughout the day.,clear-day,"OEDR,41150099999,40416099999,WLPI,OBBI"
manama,2022-05-06,35,29.7,32.2,35.3,30.3,33.2,17.2,42.6,0,0,0,,0,,57.6,40.5,98.2,1003.7,33.1,10.1,252.3,22,8,30,2022-05-06T04:56:53,2022-05-06T18:12:11,0.18,Partially cloudy,Partly cloudy throughout the day.,partly-cloudy-day,"OEDR,41150099999,40416099999,WLPI,OBBI"
manama,2022-05-07,33.2,27.7,30.8,35.1,30.4,32.7,19.4,52.4,0,0,0,,0,,45,29.5,78.3,1004.9,30.9,9.3,283.9,24.5,10,30,2022-05-07T04:56:12,2022-05-07T18:12:43,0.21,Partially cloudy,Partly cloudy throughout the day.,partly-cloudy-day,"OEDR,41150099999,40416099999,WLPI,OBBI"
manama,2022-05-08,30,26.3,28,30.4,26.3,28.4,16.1,49.1,0,0,0,,0,,61.9,40.7,341.3,1008.4,4.5,8.4,316.7,27.4,10,15,2022-05-08T04:55:32,2022-05-08T18:13:16,0.25,Clear,Clear conditions throughout the day.,clear-day,"OEDR,41150099999,40416099999,WLPI,OBBI"
manama,2022-05-09,32,25.5,28.4,30.4,25.5,28,12.8,39.2,0,0,0,,0,,56.2,35.5,342.9,1009.8,0,11,322.8,28,10,10,2022-05-09T04:54:54,2022-05-09T18:13:48,0.25,Clear,Clear conditions throughout the day.,clear-day,"OEDR,41150099999,40416099999,WLPI,OBBI"
manama,2022-05-10,32.1,24.8,28.5,30.5,24.8,27.9,12.3,38.5,0,0,0,,0,,47.9,34.8,312.4,1009.2,0,11.2,329.2,28.4,10,10,2022-05-10T04:54:16,2022-05-10T18:14:21,0.31,Clear,Clear conditions throughout the day.,clear-day,"OEDR,41150099999,40416099999,WLPI,OBBI"
manama,2022-05-11,34.2,26.8,29.9,32.1,26.6,29.3,12.7,36.6,0,0,0,,0,,40.3,27.2,324.7,1008.2,0,11.7,328.8,28.4,10,10,2022-05-11T04:53:39,2022-05-11T18:14:53,0.34,Clear,Clear conditions throughout the day.,clear-day,"OEDR,41150099999,40416099999,WLPI,OBBI"
manama,2022-05-12,33.2,27.6,30.3,32.3,28.1,30,14.8,39.6,0,0,0,,0,,63,35.5,334.8,1008.6,0,11.3,328.6,28.4,10,10,2022-05-12T04:53:04,2022-05-12T18:15:26,0.38,Clear,Clear conditions throughout the day.,clear-day,"OEDR,41150099999,40416099999,WLPI,OBBI"
manama,2022-05-13,32.1,27.8,29.8,31.7,27.6,29.5,14.4,39.2,0,0,0,,0,,77.4,48.4,319.3,1007.6,0,9.5,329.9,28.5,10,10,2022-05-13T04:52:30,2022-05-13T18:15:59,0.41,Clear,Clear conditions throughout the day.,wind,"OEDR,41150099999,40416099999,OBBI"
manama,2022-05-14,31.1,26.8,28.8,30.3,27.3,28.6,14.5,42.4,0,0,0,,0,,78.5,51.8,316.1,1005.6,0,7.6,335.2,28.8,10,10,2022-05-14T04:51:56,2022-05-14T18:16:31,0.44,Clear,Clear conditions throughout the day.,wind,"OEDR,41150099999,40416099999,WLPI,OBBI"
manama,2022-05-15,31.2,26,28.8,32.9,26,30,19.2,56.8,0,0,0,,0,,75.2,31.6,324.3,1006.4,0,11,332.1,28.5,10,10,2022-05-15T04:51:24,2022-05-15T18:17:04,0.47,Clear,Clear conditions throughout the day.,clear-day,"OEDR,41150099999,40416099999,WLPI,OBBI"
manama,2022-05-16,38.1,25.6,31.4,35.1,25.6,30.2,11.2,35.5,0,0,0,,0,,21.6,20,310.3,1006.9,0,11.4,334.4,28.8,10,10,2022-05-16T04:50:54,2022-05-16T18:17:36,0.5,Clear,Clear conditions throughout the day.,clear-day,"OEDR,41150099999,40416099999,OBBI"
manama,2022-05-17,31.9,27.8,29.3,31.3,29.2,30,17.2,49.5,0,0,0,,0,,68,42.4,318.8,1006.1,41.6,2.7,326.6,28.2,10,10,2022-05-17T04:50:24,2022-05-17T18:18:09,0.54,Partially cloudy,Partly cloudy throughout the day.,partly-cloudy-day,"OEDR,41150099999,40416099999,WLPI,OBBI"
manama,2022-05-18,32.2,27.1,29.9,34.1,28.5,31.2,18.9,52.2,0,0,0,,0,,66.6,36.8,317.6,1005.4,0,6.7,327.9,28.3,10,5,2022-05-18T04:49:56,2022-05-18T18:18:41,0.58,Clear,Clear conditions throughout the day.,clear-day,"OEDR,41150099999,40416099999,WLPI,OBBI"
manama,2022-05-19,36.1,28,31.7,35.9,29.9,32.6,17.8,44.9,0,0,0,,0,,42.8,29.7,322.2,1006.2,0,11.2,328.9,28.4,10,5,2022-05-19T04:49:28,2022-05-19T18:19:13,0.61,Clear,Clear conditions throughout the day.,clear-day,"OEDR,41150099999,40416099999,WLPI,OBBI"
manama,2022-05-20,36.2,28.1,32,35.8,29.5,32.9,17.7,43.8,0,0,0,,0,,50.4,33.6,318,1004.6,0,11,332.3,28.7,10,10,2022-05-20T04:49:02,2022-05-20T18:19:45,0.65,Clear,Clear conditions throughout the day.,clear-day,"OEDR,41150099999,40416099999,WLPI,OBBI"
manama,2022-05-21,34.3,30.3,32.3,37.2,31.2,33.8,18.7,45.2,0,0,0,,0,,62.6,35,326.5,1004.3,0,9.4,330.7,28.5,10,5,2022-05-21T04:48:37,2022-05-21T18:20:17,0.68,Clear,Clear conditions throughout the day.,clear-day,"OEDR,41150099999,40416099999,WLPI,OBBI"
manama,2022-05-22,32.3,29,30.9,32.8,29.7,31.3,17,43.7,0,0,0,,0,,74.9,40.6,320.7,1002.8,0,10.9,335.6,29,10,10,2022-05-22T04:48:14,2022-05-22T18:20:49,0.75,Clear,Clear conditions throughout the day.,clear-day,"OEDR,41150099999,40416099999,WLPI,OBBI"
manama,2022-05-23,38.2,28.1,32.5,37.4,29.4,32.7,16,39.2,0,0,0,,0,,58.7,29.4,336.1,999.6,0,11.4,335.3,29,10,10,2022-05-23T04:47:52,2022-05-23T18:21:21,0.75,Clear,Clear conditions throughout the day.,clear-day,"OEDR,41150099999,40416099999,WLPI,OBBI"
manama,2022-05-24,31.3,28.1,29.6,31.8,28.8,30.3,17.7,49.1,0,0,0,,0,,69.5,44.7,330.1,1004.4,25.4,3.2,327.6,28.5,10,10,2022-05-24T04:47:31,2022-05-24T18:21:52,0.79,Partially cloudy,Clearing in the afternoon.,partly-cloudy-day,"OEDR,41150099999,40416099999,WLPI,OBBI"
manama,2022-05-25,33.2,28.1,30.2,33.4,28.8,30.6,16.9,45.1,0,0,0,,0,,67,37.1,330.5,1007.6,0,7.8,326.9,28.4,10,5,2022-05-25T04:47:11,2022-05-25T18:22:23,0.82,Clear,Clear conditions throughout the day.,clear-day,"OEDR,41150099999,40416099999,WLPI,OBBI"
manama,2022-05-26,34.1,26.8,30.7,34,27.7,31.1,16.7,43.8,0,0,0,,0,,48.6,27.9,321.1,1007.6,0,10.7,326.6,28.3,10,5,2022-05-26T04:46:52,2022-05-26T18:22:54,0.86,Clear,Clear conditions throughout the day.,clear-day,"OEDR,41150099999,40416099999,WLPI,OBBI"
manama,2022-05-27,32.1,28.5,30,32.9,28.6,30.4,16.6,44.6,0,0,0,,0,,52.6,29.4,324.1,1006,0,9.4,327,28.4,10,10,2022-05-27T04:46:35,2022-05-27T18:23:24,0.89,Clear,Clear conditions throughout the day.,clear-day,"OEDR,41150099999,40416099999,WLPI,OBBI"
manama,2022-05-28,35.1,27,30.8,34,27.6,30.8,15.6,40.6,0,0,0,,0,,44.3,26.1,322.9,1005,0,10.7,328.8,28.5,10,10,2022-05-28T04:46:19,2022-05-28T18:23:54,0.93,Clear,Clear conditions throughout the day.,clear-day,"OEDR,41150099999,40416099999,WLPI,OBBI"
manama,2022-05-29,37.2,26.5,32.2,35,26.5,32,14.9,39,0,0,0,,0,,45.4,29.5,333.5,1005,0,11.5,330.5,28.5,10,10,2022-05-29T04:46:04,2022-05-29T18:24:24,0.96,Clear,Clear conditions throughout the day.,clear-day,"OEDR,41150099999,40416099999,WLPI,OBBI"
manama,2022-05-30,38.1,30,33.9,36,28.4,32.4,10.2,24,0,0,0,,0,,42.1,31.6,305.7,1003.2,0,10.5,336.8,29,10,10,2022-05-30T04:45:51,2022-05-30T18:24:53,0,Clear,Clear conditions throughout the day.,clear-day,"OEDR,41150099999,40416099999,WLPI,OBBI"
manama,2022-05-31,39.3,29.4,33.5,36.9,29.9,33.3,14.3,34.2,0,0,0,,0,,58.3,29.5,321.8,1001.8,0,10.4,338.7,29.2,10,10,2022-05-31T04:45:38,2022-05-31T18:25:22,0.03,Clear,Clear conditions throughout the day.,clear-day,"OEDR,41150099999,40416099999,WLPI,OBBI"
manama,2022-06-01,37,27,31.5,36.7,28,33.1,18.6,49.5,0,0,0,,0,,18.7,18.3,59.9,1003,0.4,10.7,336.2,29.1,10,10,2022-06-01T04:45:27,2022-06-01T18:25:51,0.06,Clear,Clear conditions throughout the day.,clear-day,"OEDR,41150099999,40416099999,WLPI,OBBI"
manama,2022-06-02,40,27.5,33,37.5,28.8,33.9,16.3,43.6,0,0,0,,0,,16.6,16.3,87.2,1005.2,0,10.5,333.2,28.8,10,10,2022-06-02T04:45:18,2022-06-02T18:26:19,0.1,Clear,Clear conditions throughout the day.,clear-day,"OEDR,41150099999,40416099999,WLPI,OBBI"
manama,2022-06-03,38.1,27.3,33,39.1,30,34.6,18.6,46.2,0,0,0,,0,,21.2,20.6,337.1,1005.4,0,10.2,336.4,28.9,10,5,2022-06-03T04:45:09,2022-06-03T18:26:46,0.13,Clear,Clear conditions throughout the day.,clear-day,"OEDR,41150099999,40416099999,WLPI,OBBI"
manama,2022-06-04,40.1,29.6,34.2,37.1,30.6,34.3,15,35.7,0,0,0,,0,,23.8,13.3,316.6,1003.9,0,10.5,333.2,28.8,10,30,2022-06-04T04:45:02,2022-06-04T18:27:13,0.16,Clear,Clear conditions throughout the day.,clear-day,"OEDR,41150099999,40416099999,WLPI,OBBI"
manama,2022-06-05,41,29.4,35,37.7,32,34.8,12.5,32.2,0,0,0,,0,,17.3,15,0.4,1002.3,0,10.2,332.9,28.8,10,30,2022-06-05T04:44:56,2022-06-05T18:27:39,0.2,Clear,Clear conditions throughout the day.,clear-day,"OEDR,41150099999,40416099999,WLPI,OBBI"
manama,2022-06-06,41,30,34.5,40.3,33.6,36.5,17.3,42.7,0,0,0,,0,,14.4,18.4,93.7,1001,6.4,10,332.1,28.8,10,10,2022-06-06T04:44:51,2022-06-06T18:28:05,0.23,Clear,Clear conditions throughout the day.,clear-day,"OEDR,41150099999,40416099999,OBBI"
manama,2022-06-07,39.1,30.8,35.3,43.2,32.3,37.8,19.5,40.9,0,0,0,,0,,17.3,22.2,123.3,1000.3,0,8.2,330.8,28.6,10,30,2022-06-07T04:44:48,2022-06-07T18:28:30,0.25,Clear,Clear conditions throughout the day.,clear-day,"OEDR,41150099999,40416099999,WLPI,OBBI"
manama,2022-06-08,43.9,30.4,35.7,44.8,35.6,40.5,21.2,47.2,0,0,0,,0,,14.8,16.6,112.1,1001.4,0,8.7,332.5,28.8,10,15,2022-06-08T04:44:46,2022-06-08T18:28:55,0.3,Clear,Clear conditions throughout the day.,clear-day,"OEDR,41150099999,40416099999,WLPI,OBBI"
manama,2022-06-09,41.9,33,37.1,42.4,35.4,39,18,34,0,0,0,,0,,30.6,24.3,310.6,1000.6,0,9.9,336,29,10,30,2022-06-09T04:44:45,2022-06-09T18:29:18,0.33,Clear,Clear conditions throughout the day.,clear-day,"OEDR,41150099999,40416099999,WLPI,OBBI"
manama,2022-06-10,40.3,32.8,36.3,44.8,36.6,39.7,20.2,40,0,0,0,,0,,59.4,39.1,325.8,1000.6,0,10.5,332.9,28.8,10,38,2022-06-10T04:44:45,2022-06-10T18:29:41,0.36,Clear,Clear conditions throughout the day.,clear-day,"OEDR,41150099999,40416099999,WLPI,OBBI"
manama,2022-06-11,37.2,33,34.9,39.1,35.1,37.1,19.3,40.5,0,0,0,,0,,73.8,46.5,323.2,999.7,0,10.5,337.3,29.2,10,15,2022-06-11T04:44:46,2022-06-11T18:30:04,0.4,Clear,Clear conditions throughout the day.,clear-day,"OEDR,41150099999,40416099999,WLPI,OBBI"
manama,2022-06-12,37.2,31.9,34.3,38.7,32.5,35.7,18,39.4,0,0,0,,0,,73.1,36.8,329.9,998.2,0,9.3,337.8,29.1,10,5,2022-06-12T04:44:49,2022-06-12T18:30:25,0.43,Clear,Clear conditions throughout the day.,clear-day,"OEDR,41150099999,40416099999,WLPI,OBBI"
manama,2022-06-13,38.1,30,33.3,42.7,32.1,37.6,21.5,52.5,0,0,0,,0,,20.5,16.6,81.4,1000.3,0,10.1,336.8,29,10,15,2022-06-13T04:44:52,2022-06-13T18:30:46,0.46,Clear,Clear conditions throughout the day.,clear-day,"OEDR,41150099999,40416099999,WLPI,OBBI"
manama,2022-06-14,36.1,28.9,32.2,42.1,35.3,38.4,24.3,65.3,0,0,0,,0,,18.7,20.3,51.7,1001.8,0.4,9.4,329.4,28.4,10,15,2022-06-14T04:44:57,2022-06-14T18:31:06,0.5,Clear,Clear conditions throughout the day.,clear-day,"OEDR,41150099999,40416099999,WLPI,OBBI"
manama,2022-06-15,41.1,30.9,34.7,44.4,35.2,38.2,20.5,46.4,0,0,0,,0,,36,22.3,334.4,1001.4,0,9.5,332.8,28.8,10,15,2022-06-15T04:45:03,2022-06-15T18:31:25,0.53,Clear,Clear conditions throughout the day.,clear-day,"OEDR,41150099999,40416099999,WLPI,OBBI"
manama,2022-06-16,38.1,32.8,35.4,42.4,36.3,39.1,20.9,43.4,0,0,0,,0,,63.4,40.7,319.4,1000.3,0.2,10.4,332.7,28.8,10,30,2022-06-16T04:45:10,2022-06-16T18:31:43,0.56,Clear,Clear conditions throughout the day.,clear-day,"OEDR,41150099999,40416099999,WLPI,OBBI"
manama,2022-06-17,38.2,31.9,34.8,39.6,33.3,37,19.2,40.5,0,0,0,,0,,74.5,40.7,318.3,998.8,0.6,10.6,341.2,29.5,10,15,2022-06-17T04:45:18,2022-06-17T18:32:00,0.6,Clear,Clear conditions throughout the day.,clear-day,"OEDR,41150099999,40416099999,WLPI,OBBI"
manama,2022-06-18,37.9,29.9,33.4,43.1,29.8,37.6,20.9,50.4,0,0,0,,0,,21.2,20.7,358.8,997.6,0,9.1,337.5,29,10,15,2022-06-18T04:45:27,2022-06-18T18:32:17,0.63,Clear,Clear conditions throughout the day.,clear-day,"OEDR,41150099999,40416099999,WLPI,OBBI"
manama,2022-06-19,42.8,29,34.4,48.3,36.1,40.4,21.9,57.8,0,0,0,,0,,18.7,16.3,90.4,998.9,4.6,9.9,330,28.6,10,15,2022-06-19T04:45:38,2022-06-19T18:32:32,0.67,Clear,Clear conditions throughout the day.,clear-day,"OEDR,41150099999,40416099999,WLPI,OBBI"
manama,2022-06-20,42.1,31,36.9,45.9,35.6,39.9,18.5,38.9,0,0,0,,0,,21.6,13.1,39.2,998.2,1.7,9.8,331.7,28.6,10,15,2022-06-20T04:45:49,2022-06-20T18:32:46,0.7,Clear,Clear conditions throughout the day.,clear-day,"OEDR,41150099999,40416099999,WLPI,OBBI"
manama,2022-06-21,46.1,32.9,37.4,46.1,35.1,40.2,18.3,35.6,0,0,0,,0,,30.2,20.6,314.4,994.7,0.8,10.3,334.1,29,10,38,2022-06-21T04:46:01,2022-06-21T18:32:59,0.75,Clear,Clear conditions throughout the day.,clear-day,"OEDR,41150099999,40416099999,WLPI,OBBI"
manama,2022-06-22,42.2,32.1,37.7,44.8,35.2,40.1,17.5,33.8,0,0,0,,0,,19.8,16.5,326.5,995.5,0,10.6,331.7,28.7,10,38,2022-06-22T04:46:14,2022-06-22T18:33:12,0.77,Clear,Clear conditions throughout the day.,clear-day,"OEDR,41150099999,40416099999,OBBI"
manama,2022-06-23,39.2,31.7,34.1,46.8,39.2,43.7,25.6,64.2,0,0,0,,0,,25.2,18.5,39.8,999.9,0.8,8.3,324.3,28,10,38,2022-06-23T04:46:28,2022-06-23T18:33:23,0.8,Clear,Clear conditions throughout the day.,clear-day,"OEDR,41150099999,40416099999,OBBI"
manama,2022-06-24,40.1,31,34.7,46,37.5,42.1,23.4,56.8,0,0,0,,0,,26.3,20.3,19.3,1001.7,0.4,7.5,325.8,28.3,10,50,2022-06-24T04:46:44,2022-06-24T18:33:33,0.84,Clear,Clear conditions throughout the day.,clear-day,"OEDR,41150099999,40416099999,OBBI"
manama,2022-06-25,42.1,31.9,36.7,44.3,37.7,41.3,21,43.3,0,0,0,,0,,32.4,25.9,331.1,998.9,1,11.2,327.5,28.3,10,38,2022-06-25T04:47:00,2022-06-25T18:33:42,0.87,Clear,Clear conditions throughout the day.,clear-day,"OEDR,41150099999,40416099999,OBBI"
manama,2022-06-26,42.2,33.9,37.4,45.5,37.9,41.5,20.4,39.4,0,0,0,,0,,61.6,31.9,327.7,997.1,6.2,9.7,327.5,28.3,10,30,2022-06-26T04:47:16,2022-06-26T18:33:50,0.91,Clear,Clear conditions throughout the day.,clear-day,"OEDR,41150099999,40416099999,OBBI"
manama,2022-06-27,37.2,33.1,35.1,41.4,35.2,38,20,42,0,0,0,,0,,77.4,42.6,337.5,999.4,0,7.8,331.3,28.4,10,30,2022-06-27T04:47:34,2022-06-27T18:33:57,0.94,Clear,Clear conditions throughout the day.,clear-day,"OEDR,41150099999,40416099999,OBBI"
manama,2022-06-28,36.2,32.8,34.5,41.9,35.1,38.3,21.3,46.7,0,0,0,,0,,63,38.9,323.2,998.6,10.6,9.3,319.1,27.7,10,5,2022-06-28T04:47:53,2022-06-28T18:34:02,0.97,Clear,Clear conditions throughout the day.,clear-day,"OEDR,41150099999,40416099999,OBBI"
manama,2022-06-29,36.2,32.1,34.1,40.6,34.3,37.8,21.2,47.4,0,0,0,,0,,62.3,31.8,319,996.8,2.4,10.5,329.1,28.3,10,15,2022-06-29T04:48:12,2022-06-29T18:34:07,0,Clear,Clear conditions throughout the day.,clear-day,"OEDR,41150099999,40416099999,OBBI"
manama,2022-06-30,38.3,32.1,35.6,41.7,33.3,37.4,18.2,36.8,0,0,0,,0,,77.4,33.5,315.8,994.2,12.3,10.4,328.8,28.3,10,10,2022-06-30T04:48:32,2022-06-30T18:34:10,0.04,Clear,Clear conditions throughout the day.,clear-day,"OEDR,41150099999,40416099999,OBBI"
manama,2022-07-01,39.2,34,36.9,42.9,35.9,39.4,18.9,35.8,0,0,0,,0,,69.8,37.2,324.5,994.3,18.2,9.7,317.6,27.3,10,15,2022-07-01T04:48:53,2022-07-01T18:34:12,0.08,Clear,Clear conditions throughout the day.,clear-day,"OEDR,41150099999,40416099999,OBBI"
manama,2022-07-02,38.2,34.1,36.4,42.7,38.3,40.1,20.6,40.7,0,0,0,,0,,62.3,33.7,326,994.8,0.4,7.8,323.1,28,10,15,2022-07-02T04:49:15,2022-07-02T18:34:13,0.11,Clear,Clear conditions throughout the day.,clear-day,"OEDR,41150099999,40416099999,OBBI"
manama,2022-07-03,38.1,33.9,35.6,41.6,35.4,38.8,20.2,41.3,0,0,0,,0,,72.4,37.1,327.1,994.2,24,7.9,323,27.8,10,5,2022-07-03T04:49:37,2022-07-03T18:34:12,0.15,Partially cloudy,Becoming cloudy in the afternoon.,partly-cloudy-day,"OEDR,41150099999,40416099999,OBBI"
manama,2022-07-04,41.1,33.9,36.3,42,33.7,36.9,15.6,30.6,0,0,0,,0,,32.8,22.4,314.4,994.3,0.2,9.4,325.4,28.2,10,10,2022-07-04T04:50:00,2022-07-04T18:34:11,0.18,Clear,Clear conditions throughout the day.,clear-day,"OEDR,41150099999,40416099999,OBBI"
manama,2022-07-05,38.1,32,34.9,44.3,35.3,39.4,21.3,47.2,0,0,0,,0,,33.5,24.6,321.1,994.7,20.5,8.5,321.1,27.8,10,15,2022-07-05T04:50:23,2022-07-05T18:34:08,0.21,Partially cloudy,Partly cloudy throughout the day.,partly-cloudy-day,"OEDR,41150099999,40416099999,OBBI"
manama,2022-07-06,38.2,32,35,44.3,35.1,40.5,22.5,49.4,0,0,0,,0,,40,27.7,338.8,995.6,44.7,10.1,309.8,26.9,10,15,2022-07-06T04:50:47,2022-07-06T18:34:03,0.25,Partially cloudy,Partly cloudy throughout the day.,partly-cloudy-day,"OEDR,41150099999,40416099999,OBBI"
manama,2022-07-07,38,32,34.4,47.2,37.9,42.5,24.6,58.6,0.1,100,4.17,rain,0,,18.4,18.1,11,997.8,41.3,9.5,295.3,25.6,9,15,2022-07-07T04:51:12,2022-07-07T18:33:58,0.25,"Rain, Partially cloudy",Partly cloudy throughout the day with afternoon rain.,rain,"OEDR,41150099999,40416099999,OBBI"
manama,2022-07-08,37.1,31.8,34.1,51.6,44.2,47.7,28.2,72.3,0,0,0,,0,,19.8,16.5,90.2,997.5,18,8,306.2,26.4,10,30,2022-07-08T04:51:37,2022-07-08T18:33:51,0.32,Clear,Clear conditions throughout the day.,clear-day,"OEDR,41150099999,40416099999,OBBI"
manama,2022-07-09,39.2,33.9,35.8,48.4,38.4,42,22.8,48.5,0,0,0,,0,,22.7,16.9,304.3,995.2,44.5,10.5,309.6,26.8,9,30,2022-07-09T04:52:03,2022-07-09T18:33:43,0.35,Partially cloudy,Partly cloudy throughout the day.,partly-cloudy-day,"OEDR,41150099999,40416099999,OBBI"
manama,2022-07-10,38.2,32.9,35.4,48,35,42.3,22.9,50.8,0,0,0,,0,,35.6,20.7,354.8,993.7,43.6,9.6,292.4,25.2,10,38,2022-07-10T04:52:29,2022-07-10T18:33:34,0.38,Partially cloudy,Partly cloudy throughout the day.,partly-cloudy-day,"OEDR,41150099999,40416099999,OBBI"
manama,2022-07-11,37.1,32.7,34.4,55.9,43.9,48.3,28.2,70.3,0,0,0,,0,,24.1,18.4,93.1,997.3,44.1,9.7,260.5,22.5,8,75,2022-07-11T04:52:56,2022-07-11T18:33:23,0.42,Partially cloudy,Partly cloudy throughout the day.,partly-cloudy-day,"OEDR,41150099999,40416099999,OBBI"
manama,2022-07-12,39.1,33.8,35.7,52,42,46.8,26.4,59.8,0,0,0,,0,,20.9,13,117,999,47.9,9.9,294.7,25.5,9,38,2022-07-12T04:53:23,2022-07-12T18:33:11,0.45,Partially cloudy,Partly cloudy throughout the day.,partly-cloudy-day,"OEDR,41150099999,40416099999,OBBI"
manama,2022-07-13,37.1,32.1,34.9,49.4,38.1,43.9,25.1,58.3,0,0,0,,0,,40.3,22.7,321.2,996,38.5,8.6,297.2,25.7,9,30,2022-07-13T04:53:50,2022-07-13T18:32:58,0.5,Partially cloudy,Partly cloudy throughout the day.,partly-cloudy-day,"OEDR,41150099999,40416099999,OBBI"
manama,2022-07-14,37.8,32.1,34.8,49.4,37.7,44.9,25.7,60.8,0,0,0,,0,,29.9,22.3,334,993.6,20.4,8.7,321.2,27.6,10,38,2022-07-14T04:54:18,2022-07-14T18:32:43,0.52,Partially cloudy,Partly cloudy throughout the day.,partly-cloudy-day,"OEDR,41150099999,40416099999,OBBI"
manama,2022-07-15,39.8,32,34.8,50.8,40.8,47,27.1,66.3,0,0,0,,0,,18,18.1,77,994.3,5.5,8.2,318.8,27.6,10,30,2022-07-15T04:54:46,2022-07-15T18:32:27,0.55,Clear,Clear conditions throughout the day.,clear-day,"OEDR,41150099999,40416099999,OBBI"
manama,2022-07-16,40.1,32,35.4,52,42.3,46.5,26.4,62.1,0,0,0,,0,,31,22.4,52.5,995.9,11.3,7.3,303.2,26,10,38,2022-07-16T04:55:15,2022-07-16T18:32:10,0.59,Clear,Clear conditions throughout the day.,clear-day,"OEDR,41150099999,40416099999,OBBI"
manama,2022-07-17,40.1,33,36.2,49.5,42.3,46.9,25.9,58.1,0,0,0,,0,,17.6,16.5,39.1,996.4,3.2,8.3,313.6,27.1,10,38,2022-07-17T04:55:43,2022-07-17T18:31:51,0.62,Clear,Clear conditions throughout the day.,clear-day,"OEDR,41150099999,40416099999,OBBI"
manama,2022-07-18,42.1,33.9,37.1,56.1,43.3,48.9,26.4,56.3,0,0,0,,0,,18.7,18.1,113.4,996.8,12.4,8.2,310.8,26.9,10,30,2022-07-18T04:56:12,2022-07-18T18:31:32,0.65,Clear,Clear conditions throughout the day.,clear-day,"OEDR,41150099999,40416099999,OBBI"
manama,2022-07-19,42,34.9,36.9,54.5,40.7,47.3,25.4,53.6,0,0,0,,0,,36.4,23.9,114.1,996.6,1.4,8.9,316.5,27.4,10,38,2022-07-19T04:56:41,2022-07-19T18:31:10,0.69,Clear,Clear conditions throughout the day.,clear-day,"OEDR,41150099999,40416099999,OBBI"
manama,2022-07-20,41,33.9,35.8,50.7,43.3,47.2,26.5,59.4,0,0,0,,0,,24.8,22.3,106.8,996.7,12.8,7,309.4,26.7,9,38,2022-07-20T04:57:11,2022-07-20T18:30:48,0.75,Clear,Clear conditions throughout the day.,clear-day,"OEDR,41150099999,40416099999,OBBI"
manama,2022-07-21,41.9,34,36.5,56.5,47.3,50.8,27.9,62.5,0,0,0,,0,,37.8,25.8,114.6,995.9,15.1,9.3,305.2,26.5,9,38,2022-07-21T04:57:40,2022-07-21T18:30:24,0.75,Clear,Clear conditions throughout the day.,clear-day,"OEDR,41150099999,40416099999,OBBI"
manama,2022-07-22,38.1,33.9,35.6,54.7,46.6,50.4,28.3,66.4,0,0,0,,0,,19.8,18.1,96.6,997.7,29.5,9.7,306.5,26.4,9,38,2022-07-22T04:58:10,2022-07-22T18:29:59,0.79,Partially cloudy,Partly cloudy throughout the day.,partly-cloudy-day,"OEDR,41150099999,40416099999,OBBI"
manama,2022-07-23,42.1,33,36.7,53.6,38.9,46.9,25.1,54.5,0,0,0,,0,,21.6,16.5,37,996.9,30.1,9.3,314.3,27.1,10,38,2022-07-23T04:58:40,2022-07-23T18:29:33,0.82,Partially cloudy,Becoming cloudy in the afternoon.,partly-cloudy-day,"OEDR,41150099999,40416099999,OBBI"
manama,2022-07-24,39.2,34,36.8,49.3,38.3,43.1,22.9,45.7,0,0,0,,0,,31.7,29.4,327.1,995.7,68,11,319.7,27.5,10,30,2022-07-24T04:59:10,2022-07-24T18:29:06,0.85,Partially cloudy,Partly cloudy throughout the day.,partly-cloudy-day,"OEDR,41150099999,40416099999,OBBI"
manama,2022-07-25,40.1,32.8,36.2,49.3,38.8,43.6,24,50.5,0,0,0,,0,,41,24.2,337,995.4,73,11.3,301.5,26,10,30,2022-07-25T04:59:40,2022-07-25T18:28:37,0.89,Partially cloudy,Partly cloudy throughout the day.,partly-cloudy-day,"OEDR,41150099999,40416099999,OBBI"
manama,2022-07-26,41,34,36.5,46.5,40,43.2,23.3,47.7,0,0,0,,0,,41.4,20.7,359.1,996.8,57.9,11.1,283.3,24.4,10,30,2022-07-26T05:00:10,2022-07-26T18:28:07,0.92,Partially cloudy,Partly cloudy throughout the day.,partly-cloudy-day,"OEDR,41150099999,40416099999,OBBI"
manama,2022-07-27,36.2,32.8,34.3,50.1,40.2,46.1,27.1,66.5,0,0,0,,0,,36.4,25.9,103,998.6,49.2,9.7,212.5,18.3,8,100,2022-07-27T05:00:40,2022-07-27T18:27:36,0.95,Partially cloudy,Partly cloudy throughout the day.,partly-cloudy-day,"OEDR,41150099999,40416099999,OBBI"
manama,2022-07-28,34,32,32.9,46.6,42.3,44.6,27.5,73.3,5,100,29.17,rain,0,,42.1,29.3,108.1,1001.2,58.1,11.6,93.9,8.1,5,75,2022-07-28T05:01:10,2022-07-28T18:27:03,0,"Rain, Partially cloudy",Partly cloudy throughout the day with a chance of rain throughout the day.,rain,"OEDR,41150099999,40416099999,OBBI"
manama,2022-07-29,36,32,33.6,48.8,42.4,45.4,27.4,70.6,1.5,100,20.83,rain,0,,30.2,24,108.2,1001.8,58.8,10.6,271.3,23.5,9,75,2022-07-29T05:01:40,2022-07-29T18:26:30,0.02,"Rain, Partially cloudy",Partly cloudy throughout the day with rain.,rain,"OEDR,41150099999,40416099999,OBBI"
manama,2022-07-30,37.1,32.9,34.2,52,43.9,47.3,27.8,69.7,0,0,0,,0,,24.5,22.4,96.1,1000.9,63.2,10.3,225.4,19.5,8,75,2022-07-30T05:02:10,2022-07-30T18:25:55,0.06,Partially cloudy,Partly cloudy throughout the day.,partly-cloudy-day,"OEDR,41150099999,40416099999,OBBI"
manama,2022-07-31,37,32.9,34.5,48.6,45,46.6,27.3,67.1,0,0,0,,0,,26.6,24.1,83,998.7,48.3,10.3,282.8,24.5,9,75,2022-07-31T05:02:40,2022-07-31T18:25:19,0.09,Partially cloudy,Partly cloudy throughout the day.,partly-cloudy-day,"OEDR,41150099999,40416099999,OBBI"
manama,2022-08-01,36.9,32,34.5,50,40.5,46.1,27,65.3,0,0,0,,0,,24.1,21,103.9,998.6,47.6,10.1,285.8,24.6,9,75,2022-08-01T05:03:10,2022-08-01T18:24:42,0.13,Partially cloudy,Becoming cloudy in the afternoon.,partly-cloudy-day,"OEDR,41150099999,40416099999,OBBI"
manama,2022-08-02,39.8,33,35.7,50.8,43.8,46.6,26.2,59.7,0,0,0,,0,,25.6,20.6,84.7,998.9,37.8,10.4,290.4,25.1,9,75,2022-08-02T05:03:40,2022-08-02T18:24:04,0.16,Partially cloudy,Becoming cloudy in the afternoon.,partly-cloudy-day,"OEDR,41150099999,40416099999,OBBI"
manama,2022-08-03,40.1,34,37.1,54.8,42.1,48.7,26.4,55.3,0,0,0,,0,,20.9,16.4,33.1,999,20.1,10.3,297.9,25.9,9,38,2022-08-03T05:04:10,2022-08-03T18:23:24,0.2,Partially cloudy,Partly cloudy throughout the day.,partly-cloudy-day,"OEDR,41150099999,40416099999,OBBI"
manama,2022-08-04,42,35,37.4,51.6,43.1,47.1,25.2,50.7,0,0,0,,0,,23.8,20.5,0.7,999.2,26.3,10.5,305,26.4,9,50,2022-08-04T05:04:40,2022-08-04T18:22:44,0.23,Partially cloudy,Partly cloudy throughout the day.,partly-cloudy-day,"OEDR,41150099999,40416099999,OBBI"
manama,2022-08-05,42.1,34,36.8,56.4,45.4,50.9,27.6,61.2,0,0,0,,0,,23.8,20.4,131.5,997.7,15.7,9.4,304.2,26.3,9,50,2022-08-05T05:05:09,2022-08-05T18:22:02,0.25,Clear,Clear conditions throughout the day.,clear-day,"OEDR,41150099999,40416099999,OBBI"
manama,2022-08-06,40.1,35,36.7,57,49.4,52.8,28.7,64,0,0,0,,0,,41,23.7,115.9,994.9,1.5,9,303,26,9,50,2022-08-06T05:05:39,2022-08-06T18:21:20,0.3,Clear,Clear conditions throughout the day.,clear-day,"OEDR,41150099999,40416099999,OBBI"
manama,2022-08-07,38.2,33.3,35.7,58.9,47.2,52.1,29,68.4,0,0,0,,0,,27.4,29.3,96.1,994.5,1.7,8.1,303.9,26,9,50,2022-08-07T05:06:08,2022-08-07T18:20:36,0.34,Clear,Clear conditions throughout the day.,clear-day,"OEDR,41150099999,40416099999,WLPI,OBBI"
manama,2022-08-08,38.1,33,35.8,54.7,43.7,48.3,27.2,62,0,0,0,,0,,16.2,18.1,38.2,996,0.4,9.6,305.2,26.2,10,50,2022-08-08T05:06:38,2022-08-08T18:19:51,0.37,Clear,Clear conditions throughout the day.,clear-day,"OEDR,41150099999,40416099999,OBBI"
manama,2022-08-09,41.2,34,37.1,52,44.8,48.2,25.9,54.7,0,0,0,,0,,36.7,31.4,328.4,994.7,0.8,10.1,303.5,26.2,10,38,2022-08-09T05:07:07,2022-08-09T18:19:05,0.41,Clear,Clear conditions throughout the day.,clear-day,"OEDR,41150099999,40416099999,OBBI"
manama,2022-08-10,39.1,34,36.3,51.7,43.7,49,27.1,60.2,0,0,0,,0,,42.5,27.5,325.6,993.7,14.5,10.2,303,26,9,50,2022-08-10T05:07:36,2022-08-10T18:18:19,0.44,Clear,Clear conditions throughout the day.,clear-day,"OEDR,41150099999,40416099999,OBBI"
manama,2022-08-11,39.1,34,36.4,53.9,40.8,49.5,27.1,60.3,0,0,0,,0,,37.8,25.9,332.3,994.4,11,7.2,297.1,25.7,9,50,2022-08-11T05:08:05,2022-08-11T18:17:31,0.48,Clear,Clear conditions throughout the day.,clear-day,"OEDR,41150099999,40416099999,WLPI,OBBI"
manama,2022-08-12,38.1,34.1,36.2,58,40.9,51.7,28.3,64.7,0,0,0,,0,,37.8,24,332.7,993.3,11.8,8.1,294.9,25.5,9,50,2022-08-12T05:08:33,2022-08-12T18:16:42,0.5,Clear,Clear conditions throughout the day.,clear-day,"OEDR,41150099999,40416099999,OBBI"
manama,2022-08-13,40,33.9,36.2,57.7,44.6,53.2,29,67.9,0,0,0,,0,,27.4,27.6,81.3,994.3,8.4,9,303,26,10,100,2022-08-13T05:09:02,2022-08-13T18:15:52,0.54,Clear,Clear conditions throughout the day.,clear-day,"OEDR,41150099999,40416099999,WLPI,OBBI"
manama,2022-08-14,39.2,33.9,36.4,55.3,41.9,49.2,27.2,59.6,0,0,0,,0,,20.5,14.7,71.6,996.2,10,10,306.6,26.5,10,25,2022-08-14T05:09:30,2022-08-14T18:15:02,0.58,Clear,Clear conditions throughout the day.,clear-day,"OEDR,41150099999,40416099999,OBBI"
manama,2022-08-15,42.8,34,37.2,53,41.9,47.8,25.6,53.4,0,0,0,,0,,19.8,20,116,997.5,15.3,10.3,303.5,26.1,10,15,2022-08-15T05:09:58,2022-08-15T18:14:11,0.61,Clear,Clear conditions throughout the day.,clear-day,"OEDR,41150099999,40416099999,OBBI"
manama,2022-08-16,41,33.8,36.9,52.1,40.3,46.2,24.7,51.8,0,0,0,,0,,15.1,18.2,96.9,998,37.8,10.4,299.3,25.7,10,15,2022-08-16T05:10:26,2022-08-16T18:13:18,0.64,Partially cloudy,Becoming cloudy in the afternoon.,partly-cloudy-day,"OEDR,41150099999,40416099999,OBBI"
manama,2022-08-17,42.1,34.9,37.6,52.9,41.2,47,24.7,49.8,0,0,0,,0,,33.5,22.1,126.2,996.7,49.8,10.2,291.2,25.4,9,38,2022-08-17T05:10:54,2022-08-17T18:12:25,0.67,Partially cloudy,Partly cloudy throughout the day.,partly-cloudy-day,"OEDR,41150099999,40416099999,OBBI"
manama,2022-08-18,41.2,34.8,37.1,54.4,46,49.2,26.7,56,0,0,0,,0,,28.1,22.2,114.3,996.1,45.9,10.4,296.8,25.8,9,50,2022-08-18T05:11:22,2022-08-18T18:11:31,0.71,Partially cloudy,Partly cloudy throughout the day.,partly-cloudy-day,"OEDR,41150099999,40416099999,OBBI"
manama,2022-08-19,40,34.7,36.9,53.8,43.2,48.8,26.7,56.6,0,0,0,,0,,24.8,22.3,108.8,996.2,4.4,8.6,297.3,25.8,9,50,2022-08-19T05:11:49,2022-08-19T18:10:36,0.75,Clear,Clear conditions throughout the day.,clear-day,"OEDR,41150099999,40416099999,OBBI"
manama,2022-08-20,39.1,32.9,36.3,56.2,43.5,48.7,27,59.4,0,0,0,,0,,17.6,18.6,111.1,996.9,0,8.4,297.9,25.7,9,38,2022-08-20T05:12:16,2022-08-20T18:09:41,0.77,Clear,Clear conditions throughout the day.,clear-day,"OEDR,41150099999,40416099999,OBBI"
manama,2022-08-21,42.1,32.9,36.6,52.5,41.9,47.5,25.9,56.1,0,0,0,,0,,19.8,25.4,103.6,997,10.2,8.9,296,25.7,10,38,2022-08-21T05:12:43,2022-08-21T18:08:45,0.8,Clear,Clear conditions throughout the day.,clear-day,"OEDR,41150099999,40416099999,OBBI"
manama,2022-08-22,39.1,33.9,36.2,55.1,45.9,49.8,27.5,62.2,0,0,0,,0,,22,16.6,43.1,998.6,0.4,8.4,295.5,25.6,9,50,2022-08-22T05:13:10,2022-08-22T18:07:48,0.84,Clear,Clear conditions throughout the day.,clear-day,"OEDR,41150099999,40416099999,OBBI"
manama,2022-08-23,40.1,33.9,36.8,50.9,44,46.3,25.2,52.9,0,0,0,,0,,49.3,31.9,332.4,999.5,4,9.5,296.6,25.7,9,50,2022-08-23T05:13:37,2022-08-23T18:06:50,0.87,Clear,Clear conditions throughout the day.,clear-day,"OEDR,41150099999,40416099999,OBBI"
manama,2022-08-24,41.1,34.9,37.3,47.2,42.5,44.4,23.5,46.4,0,0,0,,0,,51.8,31.6,352,1000.6,27.1,10.7,299.3,25.8,10,75,2022-08-24T05:14:03,2022-08-24T18:05:52,0.9,Partially cloudy,Becoming cloudy in the afternoon.,partly-cloudy-day,"OEDR,41150099999,40416099999,OBBI"
manama,2022-08-25,38.2,33.7,35.8,49,40.8,45,25.3,55.4,0,0,0,,0,,41,20.8,342.4,1000.2,31.5,10.8,295.8,25.5,10,75,2022-08-25T05:14:30,2022-08-25T18:04:52,0.94,Partially cloudy,Partly cloudy throughout the day.,partly-cloudy-day,"OEDR,41150099999,40416099999,OBBI"
manama,2022-08-26,38.1,32.9,35.2,49.8,42.1,45.8,26.3,60.7,0,0,0,,0,,21.2,22.1,58.6,1000.7,41,10.4,293.5,25.4,9,75,2022-08-26T05:14:56,2022-08-26T18:03:53,0.97,Partially cloudy,Clearing in the afternoon.,partly-cloudy-day,"OEDR,41150099999,40416099999,OBBI"
manama,2022-08-27,40.1,31.9,35.5,47,37.5,42.3,22.4,51.8,0,0,0,,0,,20.2,18.1,90,1002.5,11.9,11.1,297.3,25.8,10,60,2022-08-27T05:15:22,2022-08-27T18:02:53,0,Clear,Clear conditions throughout the day.,clear-day,"OEDR,41150099999,40416099999,OBBI"
manama,2022-08-28,39,31.9,35.5,48.6,39,42.6,23.8,52.4,0,0,0,,0,,21.2,14.4,96.1,1003,4.4,11.2,294.7,25.5,9,15,2022-08-28T05:15:48,2022-08-28T18:01:52,0.04,Clear,Clear conditions throughout the day.,clear-day,"OEDR,41150099999,40416099999,OBBI"
manama,2022-08-29,39,32.9,35.5,48.4,38.9,42.7,24.1,52.2,0,0,0,,0,,23.8,18.4,97.1,1004,0,10.7,291,25.2,9,60,2022-08-29T05:16:13,2022-08-29T18:00:50,0.07,Clear,Clear conditions throughout the day.,clear-day,"OEDR,41150099999,40416099999,OBBI"
manama,2022-08-30,39.1,32,34.9,46.2,39.3,42.5,24.3,55.8,0,0,0,,0,,23.4,18.2,100.5,1005.6,11.6,10.2,290.6,25.1,9,60,2022-08-30T05:16:39,2022-08-30T17:59:48,0.11,Clear,Clear conditions throughout the day.,clear-day,"OEDR,41150099999,40416099999,OBBI"
manama,2022-08-31,41.9,31.9,35.8,45.9,38.5,41.7,21.6,49.2,0,0,0,,0,,18.4,14.7,108,1005.2,39.2,10,286.1,24.6,9,75,2022-08-31T05:17:04,2022-08-31T17:58:46,0.14,Partially cloudy,Becoming cloudy in the afternoon.,partly-cloudy-day,"OEDR,41150099999,40416099999,OBBI"
manama,2022-09-01,42.1,31.9,36,46.7,39.1,43.1,22.9,51.6,0,0,0,,0,,14.4,16.4,139.3,1004.1,50.4,10.1,278,24,9,60,2022-09-01T05:17:29,2022-09-01T17:57:43,0.18,Partially cloudy,Partly cloudy throughout the day.,partly-cloudy-day,"OEDR,41150099999,40416099999,OBBI"
manama,2022-09-02,40.1,31.9,36,47,39.5,42.6,23.3,49.6,0,0,0,,0,,14.4,16.6,115.4,1004.5,8.6,10.6,287.3,24.9,9,15,2022-09-02T05:17:54,2022-09-02T17:56:40,0.21,Clear,Clear conditions throughout the day.,clear-day,"OEDR,41150099999,40416099999,OBBI"
manama,2022-09-03,40.1,31.9,35.9,46.8,39,42.5,23.1,50.3,0,0,0,,0,,13.3,14.8,95.6,1004.2,53.5,10.6,264.5,22.8,9,15,2022-09-03T05:18:19,2022-09-03T17:55:36,0.25,Partially cloudy,Partly cloudy throughout the day.,partly-cloudy-day,"OEDR,41150099999,40416099999,OBBI"
manama,2022-09-04,38.1,32.9,35.5,51.6,43.2,46.6,26.5,60.6,0,0,0,,0,,15.5,16.4,116.8,1002.6,0.1,8.5,283.6,24.5,9,19,2022-09-04T05:18:44,2022-09-04T17:54:32,0.29,Clear,Clear conditions throughout the day.,clear-day,"OEDR,41150099999,40416099999,OBBI"
manama,2022-09-05,42,33.7,36.7,48.7,41.4,44.5,23.6,50.2,0,0,0,,0,,28.8,21.9,144,1001.1,0,9.2,284.9,24.7,9,38,2022-09-05T05:19:09,2022-09-05T17:53:27,0.32,Clear,Clear conditions throughout the day.,clear-day,"OEDR,41150099999,40416099999,OBBI"
manama,2022-09-06,39.1,33.9,35.9,51.1,40,46.2,25.8,57,0,0,0,,0,,42.8,25.5,118.9,1000.3,0,10.5,285.2,24.7,9,60,2022-09-06T05:19:34,2022-09-06T17:52:22,0.36,Clear,Clear conditions throughout the day.,clear-day,"OEDR,41150099999,40416099999,OBBI"
manama,2022-09-07,40.1,33.1,35.8,53.4,43.1,48.3,26.9,62.2,0,0,0,,0,,42.1,27.7,118,1002.4,4.2,10.8,282.4,24.5,9,75,2022-09-07T05:19:58,2022-09-07T17:51:17,0.39,Clear,Clear conditions throughout the day.,clear-day,"OEDR,41150099999,40416099999,OBBI"
manama,2022-09-08,41.9,32.4,35.8,51,38.5,46.6,25.8,58.9,0,0,0,,0,,35.6,18.5,120.6,1004.8,0.3,10.6,277.4,23.9,9,100,2022-09-08T05:20:23,2022-09-08T17:50:11,0.43,Clear,Clear conditions throughout the day.,clear-day,"OEDR,41150099999,40416099999,WLPI,OBBI"
manama,2022-09-09,37.1,32.7,34.6,49.2,43.2,45.3,26.5,63.7,0,0,0,,0,,19.4,16.5,110.8,1005.2,2.3,10.2,275.9,23.9,9,38,2022-09-09T05:20:47,2022-09-09T17:49:05,0.46,Clear,Clear conditions throughout the day.,clear-day,"OEDR,41150099999,40416099999,OBBI"
manama,2022-09-10,39,32,34.8,50.3,39.9,44.7,25.8,61.5,0,0,0,,0,,15.8,14.8,24.1,1003.9,8.7,10,275.4,23.8,9,50,2022-09-10T05:21:12,2022-09-10T17:47:59,0.5,Clear,Clear conditions throughout the day.,clear-day,"OEDR,41150099999,40416099999,OBBI"
manama,2022-09-11,42,32.8,36,48.7,40.6,44.6,24.3,54.8,0,0,0,,0,,20.9,15,321.7,1002,0.8,9.8,279.3,24.1,9,38,2022-09-11T05:21:36,2022-09-11T17:46:53,0.53,Clear,Clear conditions throughout the day.,clear-day,"OEDR,41150099999,40416099999,OBBI"
manama,2022-09-12,43.1,32.9,36.9,47.5,38.9,42.5,21,45.2,0,0,0,,0,,25.9,23.6,306.2,999.6,2,10.4,282.3,24.4,9,19,2022-09-12T05:22:00,2022-09-12T17:45:46,0.56,Clear,Clear conditions throughout the day.,clear-day,"OEDR,41150099999,40416099999,OBBI"
manama,2022-09-13,36.2,31.1,33.8,46.6,38.1,44,26.4,65.6,0,0,0,,0,,19.4,16.8,75.9,1001.2,0.9,10.4,278,24.1,9,30,2022-09-13T05:22:25,2022-09-13T17:44:39,0.6,Clear,Clear conditions throughout the day.,clear-day,"OEDR,41150099999,40416099999,OBBI"
manama,2022-09-14,38.9,30.9,34.3,46.1,36.7,41.7,24,57.9,0,0,0,,0,,17.6,20.4,48.4,1003.4,0,10,278,24.1,9,30,2022-09-14T05:22:49,2022-09-14T17:43:32,0.63,Clear,Clear conditions throughout the day.,clear-day,"OEDR,41150099999,40416099999,WLPI,OBBI"
manama,2022-09-15,37.8,31.1,34.4,49.6,38.9,44.2,26,62.8,0,0,0,,0,,28.1,24,335.1,1004.3,1.1,10,269.9,23.4,9,30,2022-09-15T05:23:13,2022-09-15T17:42:25,0.66,Clear,Clear conditions throughout the day.,clear-day,"OEDR,41150099999,40416099999,OBBI"
manama,2022-09-16,38.1,32.9,35.6,43.4,36.7,40.2,21.4,45.4,0,0,0,,0,,53.3,40.4,327.5,1003.1,0.2,10.6,271.8,23.6,9,100,2022-09-16T05:23:38,2022-09-16T17:41:18,0.69,Clear,Clear conditions throughout the day.,clear-day,"OEDR,41150099999,40416099999,OBBI"
manama,2022-09-17,37.1,31.9,34.5,40,33.9,37,19.7,42.1,0,0,0,,0,,52.9,35.2,319.8,1001.4,0,9.7,278.3,24.3,9,60,2022-09-17T05:24:02,2022-09-17T17:40:11,0.72,Clear,Clear conditions throughout the day.,clear-day,"OEDR,41150099999,40416099999,OBBI"
manama,2022-09-18,35.9,29.8,32.8,43.1,31,38.7,23.5,58.6,0,0,0,,0,,36,20.6,349.4,1003.4,1.2,11.3,276.7,24,9,100,2022-09-18T05:24:27,2022-09-18T17:39:04,0.75,Clear,Clear conditions throughout the day.,clear-day,"OEDR,41150099999,40416099999,OBBI"
manama,2022-09-19,35.1,30.9,32.9,44.5,36.2,40,24.7,62.4,0,0,0,,0,,22.3,22.3,36.9,1004.7,16.6,10.6,264.9,23,9,75,2022-09-19T05:24:51,2022-09-19T17:37:56,0.79,Clear,Clear conditions throughout the day.,clear-day,"OEDR,41150099999,40416099999,OBBI"
manama,2022-09-20,36.1,30.9,33.3,44.6,37.5,40.6,24.8,61.5,0,0,0,,0,,26.3,20.6,54.5,1004.8,0,10.7,262,22.7,9,75,2022-09-20T05:25:16,2022-09-20T17:36:49,0.82,Clear,Clear conditions throughout the day.,clear-day,"OEDR,41150099999,40416099999,OBBI"
manama,2022-09-21,38,30.9,34.3,44.5,38.1,41.8,24.3,58.4,0,0,0,,0,,32.4,18.5,77.6,1004.4,7.3,10.1,259.3,22.1,9,75,2022-09-21T05:25:41,2022-09-21T17:35:42,0.85,Clear,Clear conditions throughout the day.,clear-day,"OEDR,41150099999,40416099999,OBBI"
manama,2022-09-22,39,31,34.4,46.3,38.1,43.2,25.1,61.1,0,0,0,,0,,30.2,22.1,91.8,1004.8,2.5,9.1,260.7,22.4,9,100,2022-09-22T05:26:05,2022-09-22T17:34:35,0.89,Clear,Clear conditions throughout the day.,clear-day,"OEDR,41150099999,40416099999,WLPI,OBBI"
manama,2022-09-23,38.1,30.8,34.6,45.7,37.9,42.6,24.7,58.9,0,0,0,,0,,23.8,15,61.3,1005.6,0,10.3,260.1,22.4,9,75,2022-09-23T05:26:30,2022-09-23T17:33:28,0.92,Clear,Clear conditions throughout the day.,clear-day,"OEDR,41150099999,40416099999,OBBI"
manama,2022-09-24,37,31.8,34.1,45.3,36.7,41.2,24.2,57.6,0,0,0,,0,,45,38.6,320,1005.4,0,9.7,259.5,22.2,9,100,2022-09-24T05:26:55,2022-09-24T17:32:21,0.95,Clear,Clear conditions throughout the day.,clear-day,"OEDR,41150099999,40416099999,OBBI"
manama,2022-09-25,35.9,30.9,33.3,44.7,33.7,40.1,24.1,59,0,0,0,,0,,48.2,37,311.7,1003.2,9.2,10.2,257.5,22,9,38,2022-09-25T05:27:20,2022-09-25T17:31:14,0.98,Clear,Clear conditions throughout the day.,clear-day,"OEDR,41150099999,40416099999,OBBI"
manama,2022-09-26,35.1,31,32.8,41.9,35.2,38.6,23.5,58.6,0,0,0,,0,,56.9,38.6,328.3,1006,13.9,9.8,254.9,21.9,9,30,2022-09-26T05:27:46,2022-09-26T17:30:07,0,Clear,Clear conditions throughout the day.,clear-day,"OEDR,41150099999,40416099999,OBBI"
manama,2022-09-27,35,29.8,32,40.2,31.7,35.1,21,52.5,0,0,0,,0,,34.6,27.6,316.7,1007.5,0,10.5,256.3,21.9,9,15,2022-09-27T05:28:11,2022-09-27T17:29:00,0.05,Clear,Clear conditions throughout the day.,clear-day,"OEDR,41150099999,40416099999,OBBI"
manama,2022-09-28,35.1,28.9,31.7,35,29.3,31.9,16.1,40.3,0,0,0,,0,,37.8,29.5,313.1,1006.4,0,11.3,267.3,22.9,9,10,2022-09-28T05:28:37,2022-09-28T17:27:54,0.09,Clear,Clear conditions throughout the day.,clear-day,"OEDR,41150099999,40416099999,OBBI"
manama,2022-09-29,34.1,27,31.2,37.8,27.8,33.2,19.2,49.9,0,0,0,,0,,25.2,25.9,319.8,1005.5,0,11.3,262.4,22.6,9,30,2022-09-29T05:29:03,2022-09-29T17:26:48,0.12,Clear,Clear conditions throughout the day.,clear-day,"OEDR,41150099999,40416099999,OBBI"
manama,2022-09-30,33.8,28.8,30.9,36.8,31.6,34.4,22,59.9,0,0,0,,0,,18,20.1,317.1,1007.3,2.1,10.2,251.1,21.7,9,10,2022-09-30T05:29:29,2022-09-30T17:25:42,0.16,Clear,Clear conditions throughout the day.,clear-day,"OEDR,41150099999,40416099999,OBBI"
manama,2022-10-01,34.2,27.9,30.9,40.5,31.7,35.4,23.1,64.2,0,0,0,,0,,22,20.3,313,1007.1,3.6,10.2,250.5,21.7,9,15,2022-10-01T05:29:55,2022-10-01T17:24:37,0.2,Clear,Clear conditions throughout the day.,clear-day,"OEDR,41150099999,40416099999,OBBI"
manama,2022-10-02,34.2,28.9,31.5,43.1,30.2,35.4,21.4,56.5,0,0,0,,0,,31.7,18.5,307.3,1004.8,0,10.4,252.1,21.7,9,19,2022-10-02T05:30:22,2022-10-02T17:23:32,0.23,Clear,Clear conditions throughout the day.,clear-day,"OEDR,41150099999,40416099999,OBBI"
manama,2022-10-03,33,27.8,30.8,40.6,30.8,36.8,24.5,69.6,0,0,0,,0,,31,18.3,80.2,1006.3,3.6,9.2,245.6,21.3,8,75,2022-10-03T05:30:49,2022-10-03T17:22:27,0.25,Clear,Clear conditions throughout the day.,clear-day,"OEDR,41150099999,40416099999,OBBI"
manama,2022-10-04,34.1,28.9,31.1,43.2,34.5,38.7,25.6,73.4,0,0,0,,0,,18.7,18.3,35.6,1009.8,8.7,8.2,244,21,8,75,2022-10-04T05:31:16,2022-10-04T17:21:22,0.3,Clear,Clear conditions throughout the day.,clear-day,"OEDR,41150099999,40416099999,OBBI"
manama,2022-10-05,34.2,27.9,31.1,41.7,33.5,38.1,25.3,72.4,0,0,0,,0,,31.3,24.2,314.7,1010.1,4.5,8.2,245.6,21.2,9,15,2022-10-05T05:31:43,2022-10-05T17:20:18,0.34,Clear,Clear conditions throughout the day.,clear-day,"OEDR,41150099999,40416099999,OBBI"
manama,2022-10-06,37.2,29.8,32.5,41.2,31,36.3,20.8,53.4,0,0,0,,0,,44.3,27.9,307.2,1007.3,0,10.5,246.3,21.4,9,8,2022-10-06T05:32:11,2022-10-06T17:19:15,0.37,Clear,Clear conditions throughout the day.,clear-day,"OEDR,41150099999,40416099999,OBBI"
manama,2022-10-07,35,28.9,31.6,45,30.6,38.3,24.4,66.9,0,0,0,,0,,31.7,22.3,349.8,1006.2,1.2,10.2,243.6,21,8,25,2022-10-07T05:32:39,2022-10-07T17:18:11,0.41,Clear,Clear conditions throughout the day.,clear-day,"OEDR,41150099999,40416099999,OBBI"
manama,2022-10-08,34,28.6,31.1,42.1,34.7,38.6,25.6,73.3,0,0,0,,0,,25.2,18.3,87.5,1008.5,4,9,239.6,20.7,8,60,2022-10-08T05:33:07,2022-10-08T17:17:09,0.45,Clear,Clear conditions throughout the day.,clear-day,"OEDR,41150099999,40416099999,OBBI"
manama,2022-10-09,36,28.6,31.9,43.4,33.9,38.3,24.3,66.2,0,0,0,,0,,16.2,16.3,96.5,1010.3,5.8,10.9,238.7,20.5,8,30,2022-10-09T05:33:36,2022-10-09T17:16:07,0.5,Clear,Clear conditions throughout the day.,clear-day,"OEDR,41150099999,40416099999,OBBI"
manama,2022-10-10,36.2,26.9,31.5,40.4,29.5,34.9,21.5,57.9,0,0,0,,0,,37.1,16.4,349.4,1011.6,1.1,10.9,237.8,20.3,8,5,2022-10-10T05:34:05,2022-10-10T17:15:05,0.52,Clear,Clear conditions throughout the day.,clear-day,"OEDR,41150099999,40416099999,OBBI"
manama,2022-10-11,37.8,28.6,32.4,35.3,31.7,33.4,16,43.4,0,0,0,,0,,22.7,24,305.9,1010,2.1,11.3,242.3,20.9,9,60,2022-10-11T05:34:34,2022-10-11T17:14:04,0.55,Clear,Clear conditions throughout the day.,clear-day,"OEDR,41150099999,40416099999,OBBI"
manama,2022-10-12,34,28.6,31.1,41.9,33.1,37.3,24.6,68.9,0,0,0,,0,,36.4,18.7,335.8,1009.7,3.9,10.1,235,20.2,8,75,2022-10-12T05:35:04,2022-10-12T17:13:04,0.58,Clear,Clear conditions throughout the day.,clear-day,"OEDR,41150099999,40416099999,OBBI"
manama,2022-10-13,34.9,28.9,31.6,39.3,32.5,35.6,22.3,59,0,0,0,,0,,24.8,20.6,339.3,1010.6,1.2,10.9,231.8,20,8,75,2022-10-13T05:35:34,2022-10-13T17:12:04,0.61,Clear,Clear conditions throughout the day.,clear-day,"OEDR,41150099999,40416099999,OBBI"
manama,2022-10-14,33.1,28.1,30.5,39.1,31.1,35.4,23.4,66.1,0,0,0,,0,,18.4,14.8,32.9,1010.7,6,10.5,229.7,19.9,8,60,2022-10-14T05:36:04,2022-10-14T17:11:05,0.64,Clear,Clear conditions throughout the day.,clear-day,"OEDR,41150099999,40416099999,OBBI"
manama,2022-10-15,34.1,27.7,31.1,38.7,30.7,35.2,22.5,61.5,0,0,0,,0,,23,20.3,101.4,1011.3,7.9,10.2,224.7,19.4,8,60,2022-10-15T05:36:35,2022-10-15T17:10:06,0.68,Clear,Clear conditions throughout the day.,clear-day,"OEDR,41150099999,40416099999,OBBI"
manama,2022-10-16,36.1,28.9,31.8,39,30.8,35,21.2,55.1,0,0,0,,0,,22.7,12.9,85.5,1013.3,4.2,10.5,225.3,19.5,8,30,2022-10-16T05:37:06,2022-10-16T17:09:09,0.71,Clear,Clear conditions throughout the day.,clear-day,"OEDR,41150099999,40416099999,OBBI"
manama,2022-10-17,34.1,26.8,31.1,36.7,29.3,34.4,21.7,59,0,0,0,,0,,20.2,20.1,351.8,1014.7,13.4,10.2,227.5,19.7,8,30,2022-10-17T05:37:38,2022-10-17T17:08:12,0.75,Clear,Clear conditions throughout the day.,clear-day,"OEDR,41150099999,40416099999,OBBI"
manama,2022-10-18,34,26.9,30.4,37.4,29,34.7,22.9,65.4,0,0,0,,0,,20.9,20.5,330.4,1012.9,62.4,10,201.3,17.4,7,30,2022-10-18T05:38:10,2022-10-18T17:07:16,0.77,Partially cloudy,Becoming cloudy in the afternoon.,partly-cloudy-day,"OEDR,41150099999,40416099999,OBBI"
manama,2022-10-19,33.9,27.6,30.3,36.6,30.8,33.1,21.4,60.9,0,0,0,,0,,19.8,15,23.2,1011.4,33.6,9.2,213.8,18.5,8,30,2022-10-19T05:38:43,2022-10-19T17:06:20,0.81,Partially cloudy,Partly cloudy throughout the day.,partly-cloudy-day,"OEDR,41150099999,40416099999,OBBI"
manama,2022-10-20,32.1,25.9,29.7,37.2,25.9,33.1,22,63.3,0,0,0,,0,,23,16.7,79.4,1011.7,16,10.2,217.4,18.9,8,30,2022-10-20T05:39:16,2022-10-20T17:05:26,0.84,Clear,Clear conditions throughout the day.,clear-day,"OEDR,41150099999,40416099999,OBBI"
manama,2022-10-21,36,28,31,37.6,31.1,34.8,22,60.6,0,0,0,,0,,34.9,23.7,135.9,1012.9,1.1,9.8,219.8,19,8,60,2022-10-21T05:39:49,2022-10-21T17:04:32,0.87,Clear,Clear conditions throughout the day.,clear-day,"OEDR,41150099999,40416099999,OBBI"
manama,2022-10-22,36.8,28.6,31.1,37.3,32,34.2,20.9,58.3,0,0,0,,0,,27.4,18.1,130.7,1015.3,0,10,219.6,19,8,30,2022-10-22T05:40:23,2022-10-22T17:03:39,0.9,Clear,Clear conditions throughout the day.,clear-day,"OEDR,41150099999,40416099999,OBBI"
manama,2022-10-23,33.1,26.7,30.4,35.7,29.5,33.5,21.6,60.7,0,0,0,,0,,18.7,14.8,116.9,1015.5,0,10.4,218.8,18.9,8,30,2022-10-23T05:40:57,2022-10-23T17:02:48,0.93,Clear,Clear conditions throughout the day.,clear-day,"OEDR,41150099999,40416099999,OBBI"
manama,2022-10-24,33.1,26.6,29.9,33.7,26.6,31.4,19.3,55.1,0,0,0,,0,,15.5,14.6,357.9,1012.8,0.4,10.3,216.3,18.6,8,10,2022-10-24T05:41:32,2022-10-24T17:01:57,0.97,Clear,Clear conditions throughout the day.,clear-day,"OEDR,41150099999,40416099999,OBBI"
manama,2022-10-25,33,24.9,29.1,34.8,24.9,31.1,20.9,62.5,0,0,0,,0,,35.3,14.7,346.4,1012.1,0,10,214.2,18.5,8,10,2022-10-25T05:42:07,2022-10-25T17:01:07,0,Clear,Clear conditions throughout the day.,clear-day,"OEDR,41150099999,40416099999,OBBI"
manama,2022-10-26,31.8,25.9,29,37.3,25.9,33.1,23.8,74.1,0,0,0,,0,,10.4,13,37,1014.2,16,7.5,208.4,18,8,5,2022-10-26T05:42:43,2022-10-26T17:00:18,0.03,Clear,Clear conditions throughout the day.,clear-day,"OEDR,41150099999,40416099999,OBBI"
manama,2022-10-27,31.1,27.6,29.1,36.5,31,33.2,23.5,72.2,0,0,0,,0,,15.1,14.7,55.9,1014.4,28.3,7,191.8,16.6,7,30,2022-10-27T05:43:19,2022-10-27T16:59:30,0.07,Partially cloudy,Partly cloudy throughout the day.,partly-cloudy-day,"OEDR,41150099999,40416099999,OBBI"
manama,2022-10-28,34,27.6,29.9,36.7,30,33,21.6,62.5,0,0,0,,0,,17.3,14.8,108.8,1013.2,39.2,8.6,194.1,16.9,7,30,2022-10-28T05:43:56,2022-10-28T16:58:43,0.1,Partially cloudy,Becoming cloudy in the afternoon.,partly-cloudy-day,"OEDR,41150099999,40416099999,OBBI"
manama,2022-10-29,35.1,27.8,30.3,34.1,30,31.7,18.8,52.7,0,0,0,,0,,22,18.2,129.2,1012.5,8.5,10.1,210.4,18.2,8,15,2022-10-29T05:44:33,2022-10-29T16:57:57,0.14,Clear,Clear conditions throughout the day.,clear-day,"OEDR,41150099999,40416099999,OBBI"
manama,2022-10-30,31.1,25.1,29.1,34.5,25.1,31.7,21.5,63.8,0,0,0,,0,,14.8,14.6,113.6,1013.7,27.8,9.3,205.5,17.7,8,30,2022-10-30T05:45:10,2022-10-30T16:57:13,0.18,Partially cloudy,Partly cloudy throughout the day.,partly-cloudy-day,"OEDR,41150099999,40416099999,OBBI"
manama,2022-10-31,32,26.9,29.4,37.6,29,32.9,22.5,66.5,0,0,0,,0,,23.4,18,121.9,1013.8,33.7,9.1,195.6,16.7,7,30,2022-10-31T05:45:48,2022-10-31T16:56:29,0.21,Partially cloudy,Partly cloudy throughout the day.,partly-cloudy-day,"OEDR,41150099999,40416099999,OBBI"
manama,2022-11-01,35,27.7,30.8,35.9,30.1,33.2,20.6,57,0,0,0,,0,,34.6,21.8,161.2,1013.2,33,9.8,195.2,16.9,7,30,2022-11-01T05:46:27,2022-11-01T16:55:47,0.25,Partially cloudy,Partly cloudy throughout the day.,partly-cloudy-day,"OEDR,41150099999,40416099999,OBBI"
manama,2022-11-02,35,27.6,31.3,35.5,30,32.5,18.3,47.2,0,0,0,,0,,34.9,20.2,157,1011.8,51.5,10.6,189.3,16.4,7,30,2022-11-02T05:47:06,2022-11-02T16:55:05,0.28,Partially cloudy,Partly cloudy throughout the day.,partly-cloudy-day,"OEDR,41150099999,40416099999,OBBI"
manama,2022-11-03,34.1,28.8,31.4,34,30.5,32.4,18,46.7,0,0,0,,0,,39.6,20.7,170.2,1009.7,8.7,10.6,197.9,17.2,7,60,2022-11-03T05:47:45,2022-11-03T16:54:25,0.32,Clear,Clear conditions throughout the day.,clear-day,"OEDR,41150099999,40416099999,OBBI"
manama,2022-11-04,29.7,26.9,28.3,32.7,27.1,29.6,18.6,56.1,0,0,0,,0,,42.5,29.5,336.6,1013.2,57.1,11,166.4,14.4,7,100,2022-11-04T05:48:25,2022-11-04T16:53:47,0.35,Partially cloudy,Partly cloudy throughout the day.,partly-cloudy-day,"OEDR,41150099999,40416099999,OBBI"
manama,2022-11-05,30,26.7,27.9,29.4,27,27.8,14,42.6,0,0,0,,0,0,28.4,20.5,340.7,1015.6,84.1,11.9,140.6,12.2,6,10,2022-11-05T05:49:05,2022-11-05T16:53:09,0.39,Partially cloudy,Partly cloudy throughout the day.,partly-cloudy-day,"OEDR,41150099999,40416099999,OBBI"
manama,2022-11-06,29,25.9,27.7,29.9,25.9,28.3,16.8,51.5,1.6,100,16.67,rain,0,,20.2,18.4,12.7,1015,49.7,11.6,148.2,12.9,7,5,2022-11-06T05:49:46,2022-11-06T16:52:33,0.43,"Rain, Partially cloudy",Partly cloudy throughout the day with rain in the morning and afternoon.,rain,"OEDR,41150099999,40416099999,OBBI"
manama,2022-11-07,30,26.7,28.2,32.5,27.9,30,20.3,62.3,0,0,0,,0,,24.8,20.3,83.7,1013.1,23.9,11.6,181.6,15.7,7,30,2022-11-07T05:50:27,2022-11-07T16:51:58,0.46,Partially cloudy,Partly cloudy throughout the day.,partly-cloudy-day,"OEDR,41150099999,40416099999,OBBI"
manama,2022-11-08,33.9,27,29.7,36.5,28.8,31.7,20,57.5,0,0,0,,0,,41.8,24,113.2,1010.6,11.3,10.9,186.6,16.2,7,60,2022-11-08T05:51:08,2022-11-08T16:51:24,0.5,Clear,Clear conditions throughout the day.,clear-day,"OEDR,41150099999,40416099999,OBBI"
manama,2022-11-09,35,27.8,30.5,33.4,27.4,30.5,14.2,40.4,0,0,0,,0,,48.6,20,187.1,1011.3,8.9,11.2,190.1,16.4,7,10,2022-11-09T05:51:50,2022-11-09T16:50:52,0.53,Clear,Clear conditions throughout the day.,clear-day,"OEDR,41150099999,40416099999,OBBI"
manama,2022-11-10,33.9,26.8,29.5,33.5,28.9,31.4,19.4,58.5,0,0,0,,0,,33.5,22.3,134.3,1014.9,41.6,10.5,181.4,15.7,7,60,2022-11-10T05:52:32,2022-11-10T16:50:21,0.56,Partially cloudy,Partly cloudy throughout the day.,partly-cloudy-day,"OEDR,41150099999,40416099999,OBBI"
manama,2022-11-11,33,27.1,29.3,36.6,30.3,32.9,22.8,69.7,0,0,0,,0,,30.6,16.6,124.1,1016.8,55.4,10.5,137.4,11.8,5,60,2022-11-11T05:53:15,2022-11-11T16:49:52,0.59,Partially cloudy,Partly cloudy throughout the day.,partly-cloudy-day,"OEDR,41150099999,40416099999,OBBI"
manama,2022-11-12,33.1,26.9,29,35.6,29,31.9,22.1,67,0,0,0,,0,,23,18.1,70.6,1017.1,53.3,10.7,176.8,15.3,7,60,2022-11-12T05:53:58,2022-11-12T16:49:23,0.63,Partially cloudy,Partly cloudy throughout the day.,partly-cloudy-day,"OEDR,41150099999,40416099999,OBBI"
manama,2022-11-13,31.1,25.9,28.2,33,25.9,30.2,21.1,66.2,0,0,0,,0,,28.1,22.5,343.3,1016.2,12.1,10.6,180.1,15.4,7,30,2022-11-13T05:54:41,2022-11-13T16:48:57,0.66,Clear,Clear conditions throughout the day.,clear-day,"OEDR,41150099999,40416099999,OBBI"
manama,2022-11-14,29.1,25.9,27.5,31.4,25.9,28.8,19.2,60.7,0,0,0,,0,,27.7,26,339.7,1016,11.1,11.5,178.2,15.4,7,10,2022-11-14T05:55:24,2022-11-14T16:48:31,0.69,Clear,Clear conditions throughout the day.,clear-day,"OEDR,41150099999,40416099999,OBBI"
manama,2022-11-15,30,24.9,27,30.9,24.9,27.5,18.4,59.9,0,0,0,,0,,15.8,16.5,348.4,1016,5.4,11.8,177.5,15.4,7,5,2022-11-15T05:56:08,2022-11-15T16:48:08,0.72,Clear,Clear conditions throughout the day.,clear-day,"OEDR,41150099999,40416099999,OBBI"
manama,2022-11-16,31,23.6,27.7,31.8,23.6,28.6,19.4,61.5,0,0,0,,0,,20.5,14.8,118.1,1014.5,10.7,11.2,179,15.4,7,30,2022-11-16T05:56:52,2022-11-16T16:47:45,0.75,Clear,Clear conditions throughout the day.,clear-day,"OEDR,41150099999,40416099999,OBBI"
manama,2022-11-17,33,26.9,29.2,33,28.6,30.7,19.5,57.7,0,0,0,,0,,38.2,18.6,150.5,1014.3,45,10.9,178.6,15.4,7,30,2022-11-17T05:57:36,2022-11-17T16:47:24,0.79,Partially cloudy,Becoming cloudy in the afternoon.,partly-cloudy-day,"OEDR,41150099999,40416099999,OBBI"
manama,2022-11-18,32,26.9,28.2,30.9,27.7,29.2,17.9,56,0,0,0,,0,,39.6,16.5,216.1,1014.3,72.6,10.6,138,12,6,30,2022-11-18T05:58:21,2022-11-18T16:47:05,0.82,Partially cloudy,Partly cloudy throughout the day.,partly-cloudy-day,"OEDR,41150099999,40416099999,OBBI"
manama,2022-11-19,28,24.9,26.6,29.7,24.9,27.5,19.3,64.3,0,0,0,,0,,40,33.5,340.3,1017.3,49.3,10.4,157.6,13.6,6,30,2022-11-19T05:59:05,2022-11-19T16:46:47,0.85,Partially cloudy,Partly cloudy throughout the day.,partly-cloudy-day,"OEDR,41150099999,40416099999,OBBI"
manama,2022-11-20,26.1,22.8,24.5,26.1,22.8,24.5,15.9,59.1,0,0,0,,0,,41.4,42,314.1,1017.6,10.7,10.4,172.4,15,7,10,2022-11-20T05:59:50,2022-11-20T16:46:31,0.88,Clear,Clear conditions throughout the day.,clear-day,"OEDR,41150099999,40416099999,WLPI,OBBI"
manama,2022-11-21,25.1,21.8,23.4,25.1,21.8,23.4,15,59.5,0,0,0,,0,,40,33.2,304.9,1017.1,6,10.7,176.7,15.3,7,10,2022-11-21T06:00:35,2022-11-21T16:46:16,0.92,Clear,Clear conditions throughout the day.,clear-day,"OEDR,41150099999,40416099999,OBBI"
manama,2022-11-22,26.8,21.5,23.9,27.1,21.5,23.9,14.3,55.5,0.5,100,16.67,rain,0,,26.6,16.7,277.6,1017.2,20.7,11.1,170.3,14.8,6,10,2022-11-22T06:01:20,2022-11-22T16:46:02,0.95,"Rain, Partially cloudy",Partly cloudy throughout the day with rain.,rain,"OEDR,41150099999,40416099999,OBBI"
manama,2022-11-23,27.1,22,24.5,26.8,22,24.4,13.6,52,0.4,100,16.67,rain,0,,18,14.4,178.8,1016.8,6.3,10.8,173,14.9,7,10,2022-11-23T06:02:05,2022-11-23T16:45:50,0.98,Rain,Clear conditions throughout the day with early morning rain.,rain,"OEDR,41150099999,40416099999,OBBI"
manama,2022-11-24,28,20.9,24.3,27.1,20.9,24.2,12.4,49.4,0,0,0,,0,,17.3,12.8,125,1016,59.8,10.6,161.7,14,7,10,2022-11-24T06:02:50,2022-11-24T16:45:40,0,Partially cloudy,Partly cloudy throughout the day.,partly-cloudy-day,"OEDR,41150099999,40416099999,OBBI"
manama,2022-11-25,29,22.8,25.6,27.6,22.8,25.5,14.6,52.2,0,0,0,,0,,28.8,20.3,119.5,1015.6,12.1,10.8,171.4,14.8,7,10,2022-11-25T06:03:35,2022-11-25T16:45:31,0.05,Clear,Clear conditions throughout the day.,clear-day,"OEDR,41150099999,40416099999,OBBI"
manama,2022-11-26,30,23.7,26.1,30.7,23.7,26.4,19.7,69.2,0,0,0,,0,,23.4,13,140.3,1015.8,0.5,10.5,169.4,14.6,6,10,2022-11-26T06:04:20,2022-11-26T16:45:24,0.09,Clear,Clear conditions throughout the day.,clear-day,"OEDR,41150099999,40416099999,OBBI"
manama,2022-11-27,30.1,21.9,25.6,29,21.9,25.5,16.7,61.6,0,0,0,,0,,25.9,22.2,304.2,1013.7,1.8,10.7,169.4,14.6,7,60,2022-11-27T06:05:05,2022-11-27T16:45:19,0.12,Clear,Clear conditions throughout the day.,clear-day,"OEDR,41150099999,40416099999,OBBI"
manama,2022-11-28,28.1,23.9,25.7,30.2,23.9,26,20.7,74.6,0,0,0,,0,,40,29.3,312,1013.4,18.9,9.1,167.9,14.5,6,75,2022-11-28T06:05:49,2022-11-28T16:45:15,0.16,Clear,Clear conditions throughout the day.,clear-day,"OEDR,41150099999,40416099999,OBBI"
manama,2022-11-29,28.8,22.9,25.7,30,22.9,25.9,19.8,71.2,0,0,0,,0,,33.5,16.4,329,1013.9,61,10.8,163.3,14.1,6,30,2022-11-29T06:06:34,2022-11-29T16:45:12,0.19,Partially cloudy,Partly cloudy throughout the day.,partly-cloudy-day,"OEDR,41150099999,40416099999,OBBI"
manama,2022-11-30,28.1,21.9,25.1,29.6,21.9,25.4,18.7,69,0,0,0,,0,,29.5,11.1,122.9,1015.3,51.7,10.5,162.5,14,6,10,2022-11-30T06:07:18,2022-11-30T16:45:11,0.25,Partially cloudy,Partly cloudy throughout the day.,partly-cloudy-day,"OEDR,41150099999,40416099999,OBBI"
manama,2022-12-01,27.1,22.8,25.1,28.3,22.8,25.3,18.6,67.7,0,0,0,,0,,14.4,16.5,318,1016.1,19.1,10.4,162.7,14,6,10,2022-12-01T06:08:03,2022-12-01T16:45:12,0.26,Clear,Clear conditions throughout the day.,clear-day,"OEDR,41150099999,40416099999,WLPI,OBBI"
manama,2022-12-02,28,22.7,25.3,29.6,22.7,25.7,19.3,69.9,0,0,0,,0,,29.9,24,325.9,1015.1,4.8,9.9,163.2,14.1,6,30,2022-12-02T06:08:46,2022-12-02T16:45:14,0.3,Clear,Clear conditions throughout the day.,clear-day,"OEDR,41150099999,40416099999,OBBI"
manama,2022-12-03,27,23.8,24.8,28,23.8,24.9,17.5,64.1,0,0,0,,0,,29.9,25.8,325.2,1015.1,20.8,11.1,159,13.7,6,30,2022-12-03T06:09:30,2022-12-03T16:45:18,0.33,Partially cloudy,Partly cloudy throughout the day.,partly-cloudy-day,"OEDR,41150099999,40416099999,OBBI"
manama,2022-12-04,27,22.9,24.8,28.2,22.9,25,18.3,67.6,0,0,0,,0,,23,16.8,329.6,1016.1,37.5,11,147.7,12.8,6,10,2022-12-04T06:10:13,2022-12-04T16:45:23,0.37,Partially cloudy,Becoming cloudy in the afternoon.,partly-cloudy-day,"OEDR,41150099999,40416099999,OBBI"
manama,2022-12-05,27,21.9,24.5,28.2,21.9,24.6,18,67.6,0,0,0,,0,,16.6,16.4,44.8,1016.7,40.8,10.9,157.3,13.6,6,30,2022-12-05T06:10:56,2022-12-05T16:45:30,0.4,Partially cloudy,Partly cloudy throughout the day.,partly-cloudy-day,"OEDR,41150099999,40416099999,OBBI"
manama,2022-12-06,29,22.6,25.2,29.8,22.6,25.4,20.1,74,0.1,100,4.17,rain,0,,29.5,20.6,116.2,1015.4,26.5,10.1,159.5,13.8,6,60,2022-12-06T06:11:39,2022-12-06T16:45:38,0.44,"Rain, Partially cloudy",Partly cloudy throughout the day with late afternoon rain.,rain,"OEDR,41150099999,40416099999,OBBI"
manama,2022-12-07,26.2,23.9,24.5,26.2,23.9,24.5,19.6,74.4,0.7,100,12.5,rain,0,,34.6,33.3,72.1,1015.7,42.3,10.4,156.6,13.5,6,30,2022-12-07T06:12:20,2022-12-07T16:45:48,0.47,"Rain, Partially cloudy",Partly cloudy throughout the day with rain.,rain,"OEDR,41150099999,40416099999,OBBI"
manama,2022-12-08,26,22.9,24.5,26,22.9,24.5,17.5,65.2,1.4,100,20.83,rain,0,,28.1,20.4,352.1,1017.9,39.5,10.9,156.4,13.6,6,30,2022-12-08T06:13:02,2022-12-08T16:45:59,0.5,"Rain, Partially cloudy",Partly cloudy throughout the day with rain clearing later.,rain,"OEDR,41150099999,40416099999,OBBI"
manama,2022-12-09,25,20.9,23.5,25,20.9,23.5,11.6,47.5,0,0,0,,0,,33.8,34.8,327.5,1017.6,47.5,11.6,132.3,11.5,6,10,2022-12-09T06:13:43,2022-12-09T16:46:12,0.54,Partially cloudy,Partly cloudy throughout the day.,partly-cloudy-day,"OEDR,41150099999,40416099999,OBBI"
manama,2022-12-10,22.7,19.9,21,22.7,19.9,21,12.2,57.4,0.1,100,4.17,rain,0,,33.1,35,305.5,1017,41.6,10.5,86.4,7.7,4,10,2022-12-10T06:14:23,2022-12-10T16:46:26,0.57,"Rain, Partially cloudy",Partly cloudy throughout the day with morning rain.,rain,"OEDR,41150099999,40416099999,OBBI"
manama,2022-12-11,23,18.8,20.8,23,18.8,20.8,12.5,59.2,0,0,0,,0,,35.6,31.4,304.7,1018.5,21.6,10.7,161.1,14,6,10,2022-12-11T06:15:03,2022-12-11T16:46:41,0.6,Partially cloudy,Partly cloudy throughout the day.,partly-cloudy-day,"OEDR,41150099999,40416099999,OBBI"
manama,2022-12-12,23,18.8,21,23,18.8,21,13.2,61.6,0,0,0,,0,,28.4,25.6,304.4,1017.9,19.6,10.1,160.3,13.9,6,10,2022-12-12T06:15:42,2022-12-12T16:46:58,0.64,Clear,Clear conditions throughout the day.,clear-day,"OEDR,41150099999,40416099999,OBBI"
manama,2022-12-13,23.2,18.8,21.1,23.2,18.8,21.1,13.2,61.2,0,0,0,,0,,12.2,11.3,307.2,1017.7,6.2,10.1,158,13.7,6,10,2022-12-13T06:16:20,2022-12-13T16:47:17,0.67,Clear,Clear conditions throughout the day.,clear-day,"OEDR,41150099999,40416099999,OBBI"
manama,2022-12-14,25,17.9,21.5,25,17.9,21.5,14.9,67.2,0,0,0,,0,,15.1,13,123.4,1018.1,5.2,10.4,156.5,13.6,6,10,2022-12-14T06:16:57,2022-12-14T16:47:37,0.7,Clear,Clear conditions throughout the day.,clear-day,"OEDR,41150099999,40416099999,OBBI"
manama,2022-12-15,25,19.9,22.5,25,19.9,22.5,16.3,68.4,0,0,0,,0,,19.8,14.8,89.8,1016.6,12.5,10.6,156.7,13.5,6,10,2022-12-15T06:17:34,2022-12-15T16:47:58,0.74,Clear,Clear conditions throughout the day.,clear-day,"OEDR,41150099999,40416099999,OBBI"
manama,2022-12-16,26,19.9,22.8,26,19.9,22.8,17.5,72.9,0,0,0,,0,,20.5,11.2,55.4,1015.7,23.9,10.1,154.5,13.3,6,10,2022-12-16T06:18:10,2022-12-16T16:48:20,0.75,Partially cloudy,Clearing in the afternoon.,partly-cloudy-day,"OEDR,41150099999,40416099999,OBBI"
manama,2022-12-17,25,20.8,22.9,25,20.8,22.9,15.6,64,0.2,100,8.33,rain,0,,34.6,33.2,327.6,1017.5,22.5,10.5,157.3,13.7,6,10,2022-12-17T06:18:45,2022-12-17T16:48:44,0.8,"Rain, Partially cloudy",Partly cloudy throughout the day with early morning rain.,rain,"OEDR,41150099999,40416099999,OBBI"
manama,2022-12-18,23.1,19.8,21.2,23.1,19.8,21.2,15.6,70.3,0,0,0,,0,,36.4,34.7,308.5,1018.9,17.6,9.2,159.1,13.7,6,10,2022-12-18T06:19:19,2022-12-18T16:49:09,0.83,Clear,Clear conditions throughout the day.,clear-day,"OEDR,41150099999,40416099999,OBBI"
manama,2022-12-19,23,18.5,20.6,23,18.5,20.6,15.1,71.2,0,0,0,,0,,30.2,29.1,301.6,1017.9,3.6,9,159.5,13.7,6,10,2022-12-19T06:19:52,2022-12-19T16:49:36,0.87,Clear,Clear conditions throughout the day.,clear-day,"OEDR,41150099999,40416099999,OBBI"
manama,2022-12-20,23,18.7,20.9,23,18.7,20.9,15.8,72.9,0.1,100,4.17,rain,0,,21.6,20.4,305.4,1017,2.5,8.7,158.2,13.7,6,10,2022-12-20T06:20:24,2022-12-20T16:50:03,0.9,Rain,Clear conditions throughout the day with late afternoon rain.,rain,"OEDR,41150099999,40416099999,OBBI"
manama,2022-12-21,24.1,19.9,21.8,24.1,19.9,21.8,16.8,74.1,0.3,100,12.5,rain,0,,13.3,16.5,335.4,1016.4,32,7.6,157.3,13.7,6,10,2022-12-21T06:20:55,2022-12-21T16:50:32,0.93,"Rain, Partially cloudy",Partly cloudy throughout the day with rain.,rain,"OEDR,41150099999,40416099999,OBBI"
manama,2022-12-22,26,17.9,22.1,26,17.9,22.1,13.1,58.5,0.1,100,4.17,rain,0,,25.6,12.9,115.8,1015.6,44.4,10.9,154.5,13.4,6,10,2022-12-22T06:21:25,2022-12-22T16:51:02,0.97,"Rain, Partially cloudy",Partly cloudy throughout the day with early morning rain.,rain,"OEDR,41150099999,40416099999,OBBI"
manama,2022-12-23,25.1,21.8,23.2,25.1,21.8,23.2,15.9,63.8,0,0,0,,0,,49.3,27.7,128.6,1013.4,73.5,10.8,129.5,11.3,5,10,2022-12-23T06:21:54,2022-12-23T16:51:33,0,Partially cloudy,Partly cloudy throughout the day.,partly-cloudy-day,"OEDR,41150099999,40416099999,OBBI"
manama,2022-12-24,24.9,20.9,22.6,24.9,20.9,22.6,15.1,62.9,0,0,0,,0,,46.4,31.4,329.5,1013.9,47.1,10.8,127.3,11,6,10,2022-12-24T06:22:22,2022-12-24T16:52:05,0.03,Partially cloudy,Partly cloudy throughout the day.,partly-cloudy-day,"OEDR,41150099999,40416099999,WLPI,OBBI"
manama,2022-12-25,22,18.8,20.3,22,18.8,20.3,11.1,55.9,0,0,0,,0,,32.4,26,318.3,1016.9,55.9,11.4,148.1,12.9,6,10,2022-12-25T06:22:49,2022-12-25T16:52:39,0.07,Partially cloudy,Partly cloudy throughout the day.,partly-cloudy-day,"OEDR,41150099999,40416099999,OBBI"
manama,2022-12-26,20,17.9,19,20,17.9,19,12.7,67,0.8,100,16.67,rain,0,,26.6,27.3,302.5,1017.1,54.5,9.6,34.7,3,2,10,2022-12-26T06:23:14,2022-12-26T16:53:13,0.1,"Rain, Partially cloudy",Partly cloudy throughout the day with rain in the morning and afternoon.,rain,"OEDR,41150099999,40416099999,OBBI"
manama,2022-12-27,22,16.7,19.6,22,16.7,19.6,14.1,70.7,0.3,100,4.17,rain,0,,35.3,17.2,198.7,1016.8,31.8,8.3,157.1,13.5,6,10,2022-12-27T06:23:39,2022-12-27T16:53:48,0.14,"Rain, Partially cloudy",Partly cloudy throughout the day with late afternoon rain.,rain,"OEDR,41150099999,40416099999,OBBI"
manama,2022-12-28,19.1,14.9,17.6,19.1,14.9,17.6,10.4,63.1,0.1,100,4.17,rain,0,,52.6,46.2,306,1021,37.3,9.9,127.9,10.9,6,10,2022-12-28T06:24:02,2022-12-28T16:54:24,0.17,"Rain, Partially cloudy",Partly cloudy throughout the day with early morning rain.,rain,"OEDR,41150099999,40416099999,OBBI"
manama,2022-12-29,20,15.6,18,20,15.6,18,11.7,67.4,0,0,0,,0,,36,36.8,310.2,1025.2,24.1,8.4,163.2,14,6,10,2022-12-29T06:24:23,2022-12-29T16:55:01,0.2,Partially cloudy,Partly cloudy throughout the day.,partly-cloudy-day,"OEDR,41150099999,40416099999,OBBI"
manama,2022-12-30,20,15.9,18.1,20,15.9,18.1,11.4,65.2,0,0,0,,0,,28.1,25.7,305.8,1026.1,66.3,10.1,123.2,10.7,5,10,2022-12-30T06:24:44,2022-12-30T16:55:39,0.25,Partially cloudy,Partly cloudy throughout the day.,partly-cloudy-day,"OEDR,41150099999,40416099999,OBBI"
manama,2022-12-31,20.1,15.9,18.3,20.1,15.9,18.3,11.9,66.5,0.1,100,4.17,rain,0,,30.6,23.8,304.3,1025.7,53.4,10.1,141.8,12,6,10,2022-12-31T06:25:03,2022-12-31T16:56:18,0.27,"Rain, Partially cloudy",Partly cloudy throughout the day with early morning rain.,rain,"OEDR,41150099999,40416099999,OBBI"
